Product title,Product rating,Reviews count,product offers,Buy link
"Apple iPhone 12 (Black, 64 GB)",4.7 out of 5,"1,289 Ratings & 116 Reviews","₹79,900",https://www.flipkart.com/apple-iphone-12-black-64-gb/p/itma2559422bf7c7?pid=MOBFWBYZU5FWK2VP&lid=LSTMOBFWBYZU5FWK2VP98XIL4&marketplace=FLIPKART&srno=s_1_1&otracker=search&otracker1=search&fm=organic&iid=a1f91b20-25ab-4188-98e7-f53e88463220.MOBFWBYZU5FWK2VP.SEARCH&ssid=bi7bpkbmwg0000001612245745717&qH=7b7504afcaf2e1ea
"Apple iPhone 12 (Red, 64 GB)",4.7 out of 5,"1,289 Ratings & 116 Reviews","₹79,900",https://www.flipkart.com/apple-iphone-12-red-64-gb/p/itm3481e4053d500?pid=MOBFWBYZDP6QCQ8F&lid=LSTMOBFWBYZDP6QCQ8FEL9UPN&marketplace=FLIPKART&srno=s_1_2&otracker=search&otracker1=search&fm=organic&iid=a1f91b20-25ab-4188-98e7-f53e88463220.MOBFWBYZDP6QCQ8F.SEARCH&ssid=bi7bpkbmwg0000001612245745717&qH=7b7504afcaf2e1ea
"Apple iPhone 12 (Red, 128 GB)",4.7 out of 5,"1,289 Ratings & 116 Reviews","₹84,900",https://www.flipkart.com/apple-iphone-12-red-128-gb/p/itma7bd86885ed98?pid=MOBFWBYZUHPFWQRD&lid=LSTMOBFWBYZUHPFWQRD7UBXC2&marketplace=FLIPKART&srno=s_1_3&otracker=search&otracker1=search&fm=organic&iid=a1f91b20-25ab-4188-98e7-f53e88463220.MOBFWBYZUHPFWQRD.SEARCH&ssid=bi7bpkbmwg0000001612245745717&qH=7b7504afcaf2e1ea
"Apple iPhone 12 (White, 64 GB)",4.7 out of 5,"1,289 Ratings & 116 Reviews","₹79,900",https://www.flipkart.com/apple-iphone-12-white-64-gb/p/itm8b88bdc03cd79?pid=MOBFWBYZTK33MBG9&lid=LSTMOBFWBYZTK33MBG9YC4F9Y&marketplace=FLIPKART&srno=s_1_4&otracker=search&otracker1=search&fm=organic&iid=a1f91b20-25ab-4188-98e7-f53e88463220.MOBFWBYZTK33MBG9.SEARCH&ssid=bi7bpkbmwg0000001612245745717&qH=7b7504afcaf2e1ea
"Apple iPhone 12 (Blue, 64 GB)",4.7 out of 5,"1,289 Ratings & 116 Reviews","₹79,900",https://www.flipkart.com/apple-iphone-12-blue-64-gb/p/itm5778ad0d0d255?pid=MOBFWBYZ8DNJNY7N&lid=LSTMOBFWBYZ8DNJNY7NOXBUPN&marketplace=FLIPKART&srno=s_1_5&otracker=search&otracker1=search&fm=organic&iid=a1f91b20-25ab-4188-98e7-f53e88463220.MOBFWBYZ8DNJNY7N.SEARCH&ssid=bi7bpkbmwg0000001612245745717&qH=7b7504afcaf2e1ea
"Apple iPhone 12 (Green, 128 GB)",4.7 out of 5,"1,289 Ratings & 116 Reviews","₹84,900",https://www.flipkart.com/apple-iphone-12-green-128-gb/p/itm4e0a120f7d9c4?pid=MOBFWBYZQXUEHF48&lid=LSTMOBFWBYZQXUEHF487CPMKU&marketplace=FLIPKART&srno=s_1_6&otracker=search&otracker1=search&fm=organic&iid=a1f91b20-25ab-4188-98e7-f53e88463220.MOBFWBYZQXUEHF48.SEARCH&ssid=bi7bpkbmwg0000001612245745717&qH=7b7504afcaf2e1ea
"Apple iPhone 12 (Green, 64 GB)",4.7 out of 5,"1,289 Ratings & 116 Reviews","₹79,900",https://www.flipkart.com/apple-iphone-12-green-64-gb/p/itmc8a19a9686173?pid=MOBFWBYZKK3EJPFW&lid=LSTMOBFWBYZKK3EJPFWBJCVXA&marketplace=FLIPKART&srno=s_1_7&otracker=search&otracker1=search&fm=organic&iid=a1f91b20-25ab-4188-98e7-f53e88463220.MOBFWBYZKK3EJPFW.SEARCH&ssid=bi7bpkbmwg0000001612245745717&qH=7b7504afcaf2e1ea
"Apple iPhone 12 (Blue, 128 GB)",4.7 out of 5,"1,289 Ratings & 116 Reviews","₹84,900",https://www.flipkart.com/apple-iphone-12-blue-128-gb/p/itm02853ae92e90a?pid=MOBFWBYZKPTZF9VG&lid=LSTMOBFWBYZKPTZF9VG6GMIFT&marketplace=FLIPKART&srno=s_1_8&otracker=search&otracker1=search&fm=organic&iid=a1f91b20-25ab-4188-98e7-f53e88463220.MOBFWBYZKPTZF9VG.SEARCH&ssid=bi7bpkbmwg0000001612245745717&qH=7b7504afcaf2e1ea
"Apple iPhone 12 (Black, 128 GB)",4.7 out of 5,"1,289 Ratings & 116 Reviews","₹84,900",https://www.flipkart.com/apple-iphone-12-black-128-gb/p/itmf1f0a58f1ecd7?pid=MOBFWBYZK3HACR72&lid=LSTMOBFWBYZK3HACR72SELGT5&marketplace=FLIPKART&srno=s_1_9&otracker=search&otracker1=search&fm=organic&iid=a1f91b20-25ab-4188-98e7-f53e88463220.MOBFWBYZK3HACR72.SEARCH&ssid=bi7bpkbmwg0000001612245745717&qH=7b7504afcaf2e1ea
"Apple iPhone 12 (White, 256 GB)",4.7 out of 5,"1,289 Ratings & 116 Reviews","₹94,900",https://www.flipkart.com/apple-iphone-12-white-256-gb/p/itmcfbcb621e6326?pid=MOBFWBYZMNGZVMJE&lid=LSTMOBFWBYZMNGZVMJEQYPFS1&marketplace=FLIPKART&srno=s_1_10&otracker=search&otracker1=search&fm=organic&iid=a1f91b20-25ab-4188-98e7-f53e88463220.MOBFWBYZMNGZVMJE.SEARCH&ssid=bi7bpkbmwg0000001612245745717&qH=7b7504afcaf2e1ea
"Apple iPhone 12 (White, 128 GB)",4.7 out of 5,"1,289 Ratings & 116 Reviews","₹84,900",https://www.flipkart.com/apple-iphone-12-white-128-gb/p/itm95393f4c6cc59?pid=MOBFWBYZBTZFGJF9&lid=LSTMOBFWBYZBTZFGJF9K5AZO1&marketplace=FLIPKART&srno=s_1_11&otracker=search&otracker1=search&fm=organic&iid=a1f91b20-25ab-4188-98e7-f53e88463220.MOBFWBYZBTZFGJF9.SEARCH&ssid=bi7bpkbmwg0000001612245745717&qH=7b7504afcaf2e1ea
"Apple iPhone 12 (Green, 256 GB)",4.7 out of 5,"1,289 Ratings & 116 Reviews","₹94,900",https://www.flipkart.com/apple-iphone-12-green-256-gb/p/itm6d126e7980774?pid=MOBFWBYZZPFJYYEY&lid=LSTMOBFWBYZZPFJYYEYIUA7H8&marketplace=FLIPKART&srno=s_1_12&otracker=search&otracker1=search&fm=organic&iid=a1f91b20-25ab-4188-98e7-f53e88463220.MOBFWBYZZPFJYYEY.SEARCH&ssid=bi7bpkbmwg0000001612245745717&qH=7b7504afcaf2e1ea
"Apple iPhone XR (Black, 64 GB) (Includes EarPods, Power Adapter)",4.6 out of 5,"71,298 Ratings & 6,100 Reviews","₹43,999₹47,9008% off",https://www.flipkart.com/apple-iphone-xr-black-64-gb-includes-earpods-power-adapter/p/itmf9z7zxu4uqyz2?pid=MOBF9Z7ZPHGV4GNH&lid=LSTMOBF9Z7ZPHGV4GNH9IFADQ&marketplace=FLIPKART&srno=s_1_13&otracker=search&otracker1=search&fm=organic&iid=a1f91b20-25ab-4188-98e7-f53e88463220.MOBF9Z7ZPHGV4GNH.SEARCH&ssid=bi7bpkbmwg0000001612245745717&qH=7b7504afcaf2e1ea
"Apple iPhone 12 (Blue, 256 GB)",4.7 out of 5,"1,289 Ratings & 116 Reviews","₹94,900",https://www.flipkart.com/apple-iphone-12-blue-256-gb/p/itm3be487cd1dea5?pid=MOBFWBYZKYYZUANT&lid=LSTMOBFWBYZKYYZUANTU9JOHX&marketplace=FLIPKART&srno=s_1_14&otracker=search&otracker1=search&fm=organic&iid=a1f91b20-25ab-4188-98e7-f53e88463220.MOBFWBYZKYYZUANT.SEARCH&ssid=bi7bpkbmwg0000001612245745717&qH=7b7504afcaf2e1ea
"Apple iPhone 12 (Black, 256 GB)",4.7 out of 5,"1,289 Ratings & 116 Reviews","₹94,900",https://www.flipkart.com/apple-iphone-12-black-256-gb/p/itm68421fa1c1121?pid=MOBFWBYZ7CR9FRHZ&lid=LSTMOBFWBYZ7CR9FRHZFXKLTD&marketplace=FLIPKART&srno=s_1_15&otracker=search&otracker1=search&fm=organic&iid=a1f91b20-25ab-4188-98e7-f53e88463220.MOBFWBYZ7CR9FRHZ.SEARCH&ssid=bi7bpkbmwg0000001612245745717&qH=7b7504afcaf2e1ea
"Apple iPhone 12 (Red, 256 GB)",4.7 out of 5,"1,289 Ratings & 116 Reviews","₹94,900",https://www.flipkart.com/apple-iphone-12-red-256-gb/p/itm16f42310fe29a?pid=MOBFWBYZEBH6SAFP&lid=LSTMOBFWBYZEBH6SAFPS13XFR&marketplace=FLIPKART&srno=s_1_16&otracker=search&otracker1=search&fm=organic&iid=a1f91b20-25ab-4188-98e7-f53e88463220.MOBFWBYZEBH6SAFP.SEARCH&ssid=bi7bpkbmwg0000001612245745717&qH=7b7504afcaf2e1ea
"Apple iPhone 12 Mini (Blue, 64 GB)",4.5 out of 5,475 Ratings & 40 Reviews,"₹69,900",https://www.flipkart.com/apple-iphone-12-mini-blue-64-gb/p/itm2883104474448?pid=MOBFWBYZC6UYGR2R&lid=LSTMOBFWBYZC6UYGR2RMNRM7G&marketplace=FLIPKART&srno=s_1_17&otracker=search&otracker1=search&fm=organic&iid=a1f91b20-25ab-4188-98e7-f53e88463220.MOBFWBYZC6UYGR2R.SEARCH&ssid=bi7bpkbmwg0000001612245745717&qH=7b7504afcaf2e1ea
"Apple iPhone 12 Mini (Blue, 128 GB)",4.5 out of 5,475 Ratings & 40 Reviews,"₹74,900",https://www.flipkart.com/apple-iphone-12-mini-blue-128-gb/p/itm9b6cdec9700ee?pid=MOBFWBYZHU58PHCZ&lid=LSTMOBFWBYZHU58PHCZOK9EEO&marketplace=FLIPKART&srno=s_1_18&otracker=search&otracker1=search&fm=organic&iid=a1f91b20-25ab-4188-98e7-f53e88463220.MOBFWBYZHU58PHCZ.SEARCH&ssid=bi7bpkbmwg0000001612245745717&qH=7b7504afcaf2e1ea
"Apple iPhone 12 Mini (White, 64 GB)",4.5 out of 5,475 Ratings & 40 Reviews,"₹69,900",https://www.flipkart.com/apple-iphone-12-mini-white-64-gb/p/itmf3b16d1640898?pid=MOBFWBYZBH4CEC4C&lid=LSTMOBFWBYZBH4CEC4CXRBIBP&marketplace=FLIPKART&srno=s_1_19&otracker=search&otracker1=search&fm=organic&iid=a1f91b20-25ab-4188-98e7-f53e88463220.MOBFWBYZBH4CEC4C.SEARCH&ssid=bi7bpkbmwg0000001612245745717&qH=7b7504afcaf2e1ea
"Apple iPhone 12 Mini (Black, 128 GB)",4.5 out of 5,475 Ratings & 40 Reviews,"₹74,900",https://www.flipkart.com/apple-iphone-12-mini-black-128-gb/p/itm0eb512c195bdf?pid=MOBFWBYZH2AMPNPD&lid=LSTMOBFWBYZH2AMPNPDBASLBZ&marketplace=FLIPKART&srno=s_1_20&otracker=search&otracker1=search&fm=organic&iid=a1f91b20-25ab-4188-98e7-f53e88463220.MOBFWBYZH2AMPNPD.SEARCH&ssid=bi7bpkbmwg0000001612245745717&qH=7b7504afcaf2e1ea
"Apple iPhone 12 Mini (Black, 64 GB)",4.5 out of 5,475 Ratings & 40 Reviews,"₹69,900",https://www.flipkart.com/apple-iphone-12-mini-black-64-gb/p/itm38b727191eb08?pid=MOBFWBYZXSEGBS6F&lid=LSTMOBFWBYZXSEGBS6F4NXXZW&marketplace=FLIPKART&srno=s_1_21&otracker=search&otracker1=search&fm=organic&iid=a1f91b20-25ab-4188-98e7-f53e88463220.MOBFWBYZXSEGBS6F.SEARCH&ssid=bi7bpkbmwg0000001612245745717&qH=7b7504afcaf2e1ea
"Apple iPhone 12 Pro Max (Graphite, 128 GB)",4.7 out of 5,443 Ratings & 36 Reviews,"₹1,29,900",https://www.flipkart.com/apple-iphone-12-pro-max-graphite-128-gb/p/itm973c298184f51?pid=MOBFWBYZFDGQSDWS&lid=LSTMOBFWBYZFDGQSDWSWMBEA6&marketplace=FLIPKART&srno=s_1_22&otracker=search&otracker1=search&fm=organic&iid=a1f91b20-25ab-4188-98e7-f53e88463220.MOBFWBYZFDGQSDWS.SEARCH&ssid=bi7bpkbmwg0000001612245745717&qH=7b7504afcaf2e1ea
"Apple iPhone 12 Pro Max (Pacific Blue, 128 GB)",4.7 out of 5,443 Ratings & 36 Reviews,"₹1,29,900",https://www.flipkart.com/apple-iphone-12-pro-max-pacific-blue-128-gb/p/itmd89812b558a03?pid=MOBFWBYZZABKHZQA&lid=LSTMOBFWBYZZABKHZQACQ9MLL&marketplace=FLIPKART&srno=s_1_23&otracker=search&otracker1=search&fm=organic&iid=a1f91b20-25ab-4188-98e7-f53e88463220.MOBFWBYZZABKHZQA.SEARCH&ssid=bi7bpkbmwg0000001612245745717&qH=7b7504afcaf2e1ea
"Apple iPhone 12 Pro Max (Gold, 256 GB)",4.7 out of 5,443 Ratings & 36 Reviews,"₹1,39,900",https://www.flipkart.com/apple-iphone-12-pro-max-gold-256-gb/p/itm1e0354f5bbc8c?pid=MOBFWBYZZPW8JHQF&lid=LSTMOBFWBYZZPW8JHQF9DJLT1&marketplace=FLIPKART&srno=s_1_24&otracker=search&otracker1=search&fm=organic&iid=a1f91b20-25ab-4188-98e7-f53e88463220.MOBFWBYZZPW8JHQF.SEARCH&ssid=bi7bpkbmwg0000001612245745717&qH=7b7504afcaf2e1ea
"Apple iPhone 12 (Black, 64 GB)",4.7 out of 5,"1,289 Ratings & 116 Reviews","₹79,900",https://www.flipkart.com/apple-iphone-12-black-64-gb/p/itma2559422bf7c7?pid=MOBFWBYZU5FWK2VP&lid=LSTMOBFWBYZU5FWK2VP98XIL4&marketplace=FLIPKART&srno=s_1_1&otracker=search&otracker1=search&fm=organic&iid=527e0006-ecd9-4e88-b3e5-a2d7bb1d114b.MOBFWBYZU5FWK2VP.SEARCH&ssid=bkozt3say80000001612245747290&qH=7b7504afcaf2e1ea
"Apple iPhone 12 (Red, 64 GB)",4.7 out of 5,"1,289 Ratings & 116 Reviews","₹79,900",https://www.flipkart.com/apple-iphone-12-red-64-gb/p/itm3481e4053d500?pid=MOBFWBYZDP6QCQ8F&lid=LSTMOBFWBYZDP6QCQ8FEL9UPN&marketplace=FLIPKART&srno=s_1_2&otracker=search&otracker1=search&fm=organic&iid=527e0006-ecd9-4e88-b3e5-a2d7bb1d114b.MOBFWBYZDP6QCQ8F.SEARCH&ssid=bkozt3say80000001612245747290&qH=7b7504afcaf2e1ea
"Apple iPhone 12 (Red, 128 GB)",4.7 out of 5,"1,289 Ratings & 116 Reviews","₹84,900",https://www.flipkart.com/apple-iphone-12-red-128-gb/p/itma7bd86885ed98?pid=MOBFWBYZUHPFWQRD&lid=LSTMOBFWBYZUHPFWQRD7UBXC2&marketplace=FLIPKART&srno=s_1_3&otracker=search&otracker1=search&fm=organic&iid=527e0006-ecd9-4e88-b3e5-a2d7bb1d114b.MOBFWBYZUHPFWQRD.SEARCH&ssid=bkozt3say80000001612245747290&qH=7b7504afcaf2e1ea
"Apple iPhone 12 (White, 64 GB)",4.7 out of 5,"1,289 Ratings & 116 Reviews","₹79,900",https://www.flipkart.com/apple-iphone-12-white-64-gb/p/itm8b88bdc03cd79?pid=MOBFWBYZTK33MBG9&lid=LSTMOBFWBYZTK33MBG9YC4F9Y&marketplace=FLIPKART&srno=s_1_4&otracker=search&otracker1=search&fm=organic&iid=527e0006-ecd9-4e88-b3e5-a2d7bb1d114b.MOBFWBYZTK33MBG9.SEARCH&ssid=bkozt3say80000001612245747290&qH=7b7504afcaf2e1ea
"Apple iPhone 12 (Blue, 64 GB)",4.7 out of 5,"1,289 Ratings & 116 Reviews","₹79,900",https://www.flipkart.com/apple-iphone-12-blue-64-gb/p/itm5778ad0d0d255?pid=MOBFWBYZ8DNJNY7N&lid=LSTMOBFWBYZ8DNJNY7NOXBUPN&marketplace=FLIPKART&srno=s_1_5&otracker=search&otracker1=search&fm=organic&iid=527e0006-ecd9-4e88-b3e5-a2d7bb1d114b.MOBFWBYZ8DNJNY7N.SEARCH&ssid=bkozt3say80000001612245747290&qH=7b7504afcaf2e1ea
"Apple iPhone 12 (Green, 128 GB)",4.7 out of 5,"1,289 Ratings & 116 Reviews","₹84,900",https://www.flipkart.com/apple-iphone-12-green-128-gb/p/itm4e0a120f7d9c4?pid=MOBFWBYZQXUEHF48&lid=LSTMOBFWBYZQXUEHF487CPMKU&marketplace=FLIPKART&srno=s_1_6&otracker=search&otracker1=search&fm=organic&iid=527e0006-ecd9-4e88-b3e5-a2d7bb1d114b.MOBFWBYZQXUEHF48.SEARCH&ssid=bkozt3say80000001612245747290&qH=7b7504afcaf2e1ea
"Apple iPhone 12 (Green, 64 GB)",4.7 out of 5,"1,289 Ratings & 116 Reviews","₹79,900",https://www.flipkart.com/apple-iphone-12-green-64-gb/p/itmc8a19a9686173?pid=MOBFWBYZKK3EJPFW&lid=LSTMOBFWBYZKK3EJPFWBJCVXA&marketplace=FLIPKART&srno=s_1_7&otracker=search&otracker1=search&fm=organic&iid=527e0006-ecd9-4e88-b3e5-a2d7bb1d114b.MOBFWBYZKK3EJPFW.SEARCH&ssid=bkozt3say80000001612245747290&qH=7b7504afcaf2e1ea
"Apple iPhone 12 (Blue, 128 GB)",4.7 out of 5,"1,289 Ratings & 116 Reviews","₹84,900",https://www.flipkart.com/apple-iphone-12-blue-128-gb/p/itm02853ae92e90a?pid=MOBFWBYZKPTZF9VG&lid=LSTMOBFWBYZKPTZF9VG6GMIFT&marketplace=FLIPKART&srno=s_1_8&otracker=search&otracker1=search&fm=organic&iid=527e0006-ecd9-4e88-b3e5-a2d7bb1d114b.MOBFWBYZKPTZF9VG.SEARCH&ssid=bkozt3say80000001612245747290&qH=7b7504afcaf2e1ea
"Apple iPhone 12 (Black, 128 GB)",4.7 out of 5,"1,289 Ratings & 116 Reviews","₹84,900",https://www.flipkart.com/apple-iphone-12-black-128-gb/p/itmf1f0a58f1ecd7?pid=MOBFWBYZK3HACR72&lid=LSTMOBFWBYZK3HACR72SELGT5&marketplace=FLIPKART&srno=s_1_9&otracker=search&otracker1=search&fm=organic&iid=527e0006-ecd9-4e88-b3e5-a2d7bb1d114b.MOBFWBYZK3HACR72.SEARCH&ssid=bkozt3say80000001612245747290&qH=7b7504afcaf2e1ea
"Apple iPhone 12 (White, 256 GB)",4.7 out of 5,"1,289 Ratings & 116 Reviews","₹94,900",https://www.flipkart.com/apple-iphone-12-white-256-gb/p/itmcfbcb621e6326?pid=MOBFWBYZMNGZVMJE&lid=LSTMOBFWBYZMNGZVMJEQYPFS1&marketplace=FLIPKART&srno=s_1_10&otracker=search&otracker1=search&fm=organic&iid=527e0006-ecd9-4e88-b3e5-a2d7bb1d114b.MOBFWBYZMNGZVMJE.SEARCH&ssid=bkozt3say80000001612245747290&qH=7b7504afcaf2e1ea
"Apple iPhone 12 (White, 128 GB)",4.7 out of 5,"1,289 Ratings & 116 Reviews","₹84,900",https://www.flipkart.com/apple-iphone-12-white-128-gb/p/itm95393f4c6cc59?pid=MOBFWBYZBTZFGJF9&lid=LSTMOBFWBYZBTZFGJF9K5AZO1&marketplace=FLIPKART&srno=s_1_11&otracker=search&otracker1=search&fm=organic&iid=527e0006-ecd9-4e88-b3e5-a2d7bb1d114b.MOBFWBYZBTZFGJF9.SEARCH&ssid=bkozt3say80000001612245747290&qH=7b7504afcaf2e1ea
"Apple iPhone 12 (Green, 256 GB)",4.7 out of 5,"1,289 Ratings & 116 Reviews","₹94,900",https://www.flipkart.com/apple-iphone-12-green-256-gb/p/itm6d126e7980774?pid=MOBFWBYZZPFJYYEY&lid=LSTMOBFWBYZZPFJYYEYIUA7H8&marketplace=FLIPKART&srno=s_1_12&otracker=search&otracker1=search&fm=organic&iid=527e0006-ecd9-4e88-b3e5-a2d7bb1d114b.MOBFWBYZZPFJYYEY.SEARCH&ssid=bkozt3say80000001612245747290&qH=7b7504afcaf2e1ea
"Apple iPhone XR (Black, 64 GB) (Includes EarPods, Power Adapter)",4.6 out of 5,"71,298 Ratings & 6,100 Reviews","₹43,999₹47,9008% off",https://www.flipkart.com/apple-iphone-xr-black-64-gb-includes-earpods-power-adapter/p/itmf9z7zxu4uqyz2?pid=MOBF9Z7ZPHGV4GNH&lid=LSTMOBF9Z7ZPHGV4GNH9IFADQ&marketplace=FLIPKART&srno=s_1_13&otracker=search&otracker1=search&fm=organic&iid=527e0006-ecd9-4e88-b3e5-a2d7bb1d114b.MOBF9Z7ZPHGV4GNH.SEARCH&ssid=bkozt3say80000001612245747290&qH=7b7504afcaf2e1ea
"Apple iPhone 12 (Blue, 256 GB)",4.7 out of 5,"1,289 Ratings & 116 Reviews","₹94,900",https://www.flipkart.com/apple-iphone-12-blue-256-gb/p/itm3be487cd1dea5?pid=MOBFWBYZKYYZUANT&lid=LSTMOBFWBYZKYYZUANTU9JOHX&marketplace=FLIPKART&srno=s_1_14&otracker=search&otracker1=search&fm=organic&iid=527e0006-ecd9-4e88-b3e5-a2d7bb1d114b.MOBFWBYZKYYZUANT.SEARCH&ssid=bkozt3say80000001612245747290&qH=7b7504afcaf2e1ea
"Apple iPhone 12 (Black, 256 GB)",4.7 out of 5,"1,289 Ratings & 116 Reviews","₹94,900",https://www.flipkart.com/apple-iphone-12-black-256-gb/p/itm68421fa1c1121?pid=MOBFWBYZ7CR9FRHZ&lid=LSTMOBFWBYZ7CR9FRHZFXKLTD&marketplace=FLIPKART&srno=s_1_15&otracker=search&otracker1=search&fm=organic&iid=527e0006-ecd9-4e88-b3e5-a2d7bb1d114b.MOBFWBYZ7CR9FRHZ.SEARCH&ssid=bkozt3say80000001612245747290&qH=7b7504afcaf2e1ea
"Apple iPhone 12 (Red, 256 GB)",4.7 out of 5,"1,289 Ratings & 116 Reviews","₹94,900",https://www.flipkart.com/apple-iphone-12-red-256-gb/p/itm16f42310fe29a?pid=MOBFWBYZEBH6SAFP&lid=LSTMOBFWBYZEBH6SAFPS13XFR&marketplace=FLIPKART&srno=s_1_16&otracker=search&otracker1=search&fm=organic&iid=527e0006-ecd9-4e88-b3e5-a2d7bb1d114b.MOBFWBYZEBH6SAFP.SEARCH&ssid=bkozt3say80000001612245747290&qH=7b7504afcaf2e1ea
"Apple iPhone 12 Mini (Blue, 64 GB)",4.5 out of 5,475 Ratings & 40 Reviews,"₹69,900",https://www.flipkart.com/apple-iphone-12-mini-blue-64-gb/p/itm2883104474448?pid=MOBFWBYZC6UYGR2R&lid=LSTMOBFWBYZC6UYGR2RMNRM7G&marketplace=FLIPKART&srno=s_1_17&otracker=search&otracker1=search&fm=organic&iid=527e0006-ecd9-4e88-b3e5-a2d7bb1d114b.MOBFWBYZC6UYGR2R.SEARCH&ssid=bkozt3say80000001612245747290&qH=7b7504afcaf2e1ea
"Apple iPhone 12 Mini (Blue, 128 GB)",4.5 out of 5,475 Ratings & 40 Reviews,"₹74,900",https://www.flipkart.com/apple-iphone-12-mini-blue-128-gb/p/itm9b6cdec9700ee?pid=MOBFWBYZHU58PHCZ&lid=LSTMOBFWBYZHU58PHCZOK9EEO&marketplace=FLIPKART&srno=s_1_18&otracker=search&otracker1=search&fm=organic&iid=527e0006-ecd9-4e88-b3e5-a2d7bb1d114b.MOBFWBYZHU58PHCZ.SEARCH&ssid=bkozt3say80000001612245747290&qH=7b7504afcaf2e1ea
"Apple iPhone 12 Mini (White, 64 GB)",4.5 out of 5,475 Ratings & 40 Reviews,"₹69,900",https://www.flipkart.com/apple-iphone-12-mini-white-64-gb/p/itmf3b16d1640898?pid=MOBFWBYZBH4CEC4C&lid=LSTMOBFWBYZBH4CEC4CXRBIBP&marketplace=FLIPKART&srno=s_1_19&otracker=search&otracker1=search&fm=organic&iid=527e0006-ecd9-4e88-b3e5-a2d7bb1d114b.MOBFWBYZBH4CEC4C.SEARCH&ssid=bkozt3say80000001612245747290&qH=7b7504afcaf2e1ea
"Apple iPhone 12 Mini (Black, 128 GB)",4.5 out of 5,475 Ratings & 40 Reviews,"₹74,900",https://www.flipkart.com/apple-iphone-12-mini-black-128-gb/p/itm0eb512c195bdf?pid=MOBFWBYZH2AMPNPD&lid=LSTMOBFWBYZH2AMPNPDBASLBZ&marketplace=FLIPKART&srno=s_1_20&otracker=search&otracker1=search&fm=organic&iid=527e0006-ecd9-4e88-b3e5-a2d7bb1d114b.MOBFWBYZH2AMPNPD.SEARCH&ssid=bkozt3say80000001612245747290&qH=7b7504afcaf2e1ea
"Apple iPhone 12 Mini (Black, 64 GB)",4.5 out of 5,475 Ratings & 40 Reviews,"₹69,900",https://www.flipkart.com/apple-iphone-12-mini-black-64-gb/p/itm38b727191eb08?pid=MOBFWBYZXSEGBS6F&lid=LSTMOBFWBYZXSEGBS6F4NXXZW&marketplace=FLIPKART&srno=s_1_21&otracker=search&otracker1=search&fm=organic&iid=527e0006-ecd9-4e88-b3e5-a2d7bb1d114b.MOBFWBYZXSEGBS6F.SEARCH&ssid=bkozt3say80000001612245747290&qH=7b7504afcaf2e1ea
"Apple iPhone 12 Pro Max (Graphite, 128 GB)",4.7 out of 5,443 Ratings & 36 Reviews,"₹1,29,900",https://www.flipkart.com/apple-iphone-12-pro-max-graphite-128-gb/p/itm973c298184f51?pid=MOBFWBYZFDGQSDWS&lid=LSTMOBFWBYZFDGQSDWSWMBEA6&marketplace=FLIPKART&srno=s_1_22&otracker=search&otracker1=search&fm=organic&iid=527e0006-ecd9-4e88-b3e5-a2d7bb1d114b.MOBFWBYZFDGQSDWS.SEARCH&ssid=bkozt3say80000001612245747290&qH=7b7504afcaf2e1ea
"Apple iPhone 12 Pro Max (Pacific Blue, 128 GB)",4.7 out of 5,443 Ratings & 36 Reviews,"₹1,29,900",https://www.flipkart.com/apple-iphone-12-pro-max-pacific-blue-128-gb/p/itmd89812b558a03?pid=MOBFWBYZZABKHZQA&lid=LSTMOBFWBYZZABKHZQACQ9MLL&marketplace=FLIPKART&srno=s_1_23&otracker=search&otracker1=search&fm=organic&iid=527e0006-ecd9-4e88-b3e5-a2d7bb1d114b.MOBFWBYZZABKHZQA.SEARCH&ssid=bkozt3say80000001612245747290&qH=7b7504afcaf2e1ea
"Apple iPhone 12 Pro Max (Gold, 256 GB)",4.7 out of 5,443 Ratings & 36 Reviews,"₹1,39,900",https://www.flipkart.com/apple-iphone-12-pro-max-gold-256-gb/p/itm1e0354f5bbc8c?pid=MOBFWBYZZPW8JHQF&lid=LSTMOBFWBYZZPW8JHQF9DJLT1&marketplace=FLIPKART&srno=s_1_24&otracker=search&otracker1=search&fm=organic&iid=527e0006-ecd9-4e88-b3e5-a2d7bb1d114b.MOBFWBYZZPW8JHQF.SEARCH&ssid=bkozt3say80000001612245747290&qH=7b7504afcaf2e1ea
"Apple iPhone 12 (Black, 64 GB)",4.7 out of 5,"1,289 Ratings & 116 Reviews","₹79,900",https://www.flipkart.com/apple-iphone-12-black-64-gb/p/itma2559422bf7c7?pid=MOBFWBYZU5FWK2VP&lid=LSTMOBFWBYZU5FWK2VP98XIL4&marketplace=FLIPKART&srno=s_1_1&otracker=search&otracker1=search&fm=organic&iid=86ed7c17-7585-42d6-9940-b4db05dbf9c6.MOBFWBYZU5FWK2VP.SEARCH&ssid=k565kd8ts00000001612245748776&qH=7b7504afcaf2e1ea
"Apple iPhone 12 (Red, 64 GB)",4.7 out of 5,"1,289 Ratings & 116 Reviews","₹79,900",https://www.flipkart.com/apple-iphone-12-red-64-gb/p/itm3481e4053d500?pid=MOBFWBYZDP6QCQ8F&lid=LSTMOBFWBYZDP6QCQ8FEL9UPN&marketplace=FLIPKART&srno=s_1_2&otracker=search&otracker1=search&fm=organic&iid=86ed7c17-7585-42d6-9940-b4db05dbf9c6.MOBFWBYZDP6QCQ8F.SEARCH&ssid=k565kd8ts00000001612245748776&qH=7b7504afcaf2e1ea
"Apple iPhone 12 (Red, 128 GB)",4.7 out of 5,"1,289 Ratings & 116 Reviews","₹84,900",https://www.flipkart.com/apple-iphone-12-red-128-gb/p/itma7bd86885ed98?pid=MOBFWBYZUHPFWQRD&lid=LSTMOBFWBYZUHPFWQRD7UBXC2&marketplace=FLIPKART&srno=s_1_3&otracker=search&otracker1=search&fm=organic&iid=86ed7c17-7585-42d6-9940-b4db05dbf9c6.MOBFWBYZUHPFWQRD.SEARCH&ssid=k565kd8ts00000001612245748776&qH=7b7504afcaf2e1ea
"Apple iPhone 12 (White, 64 GB)",4.7 out of 5,"1,289 Ratings & 116 Reviews","₹79,900",https://www.flipkart.com/apple-iphone-12-white-64-gb/p/itm8b88bdc03cd79?pid=MOBFWBYZTK33MBG9&lid=LSTMOBFWBYZTK33MBG9YC4F9Y&marketplace=FLIPKART&srno=s_1_4&otracker=search&otracker1=search&fm=organic&iid=86ed7c17-7585-42d6-9940-b4db05dbf9c6.MOBFWBYZTK33MBG9.SEARCH&ssid=k565kd8ts00000001612245748776&qH=7b7504afcaf2e1ea
"Apple iPhone 12 (Blue, 64 GB)",4.7 out of 5,"1,289 Ratings & 116 Reviews","₹79,900",https://www.flipkart.com/apple-iphone-12-blue-64-gb/p/itm5778ad0d0d255?pid=MOBFWBYZ8DNJNY7N&lid=LSTMOBFWBYZ8DNJNY7NOXBUPN&marketplace=FLIPKART&srno=s_1_5&otracker=search&otracker1=search&fm=organic&iid=86ed7c17-7585-42d6-9940-b4db05dbf9c6.MOBFWBYZ8DNJNY7N.SEARCH&ssid=k565kd8ts00000001612245748776&qH=7b7504afcaf2e1ea
"Apple iPhone 12 (Green, 128 GB)",4.7 out of 5,"1,289 Ratings & 116 Reviews","₹84,900",https://www.flipkart.com/apple-iphone-12-green-128-gb/p/itm4e0a120f7d9c4?pid=MOBFWBYZQXUEHF48&lid=LSTMOBFWBYZQXUEHF487CPMKU&marketplace=FLIPKART&srno=s_1_6&otracker=search&otracker1=search&fm=organic&iid=86ed7c17-7585-42d6-9940-b4db05dbf9c6.MOBFWBYZQXUEHF48.SEARCH&ssid=k565kd8ts00000001612245748776&qH=7b7504afcaf2e1ea
"Apple iPhone 12 (Green, 64 GB)",4.7 out of 5,"1,289 Ratings & 116 Reviews","₹79,900",https://www.flipkart.com/apple-iphone-12-green-64-gb/p/itmc8a19a9686173?pid=MOBFWBYZKK3EJPFW&lid=LSTMOBFWBYZKK3EJPFWBJCVXA&marketplace=FLIPKART&srno=s_1_7&otracker=search&otracker1=search&fm=organic&iid=86ed7c17-7585-42d6-9940-b4db05dbf9c6.MOBFWBYZKK3EJPFW.SEARCH&ssid=k565kd8ts00000001612245748776&qH=7b7504afcaf2e1ea
"Apple iPhone 12 (Blue, 128 GB)",4.7 out of 5,"1,289 Ratings & 116 Reviews","₹84,900",https://www.flipkart.com/apple-iphone-12-blue-128-gb/p/itm02853ae92e90a?pid=MOBFWBYZKPTZF9VG&lid=LSTMOBFWBYZKPTZF9VG6GMIFT&marketplace=FLIPKART&srno=s_1_8&otracker=search&otracker1=search&fm=organic&iid=86ed7c17-7585-42d6-9940-b4db05dbf9c6.MOBFWBYZKPTZF9VG.SEARCH&ssid=k565kd8ts00000001612245748776&qH=7b7504afcaf2e1ea
"Apple iPhone 12 (Black, 128 GB)",4.7 out of 5,"1,289 Ratings & 116 Reviews","₹84,900",https://www.flipkart.com/apple-iphone-12-black-128-gb/p/itmf1f0a58f1ecd7?pid=MOBFWBYZK3HACR72&lid=LSTMOBFWBYZK3HACR72SELGT5&marketplace=FLIPKART&srno=s_1_9&otracker=search&otracker1=search&fm=organic&iid=86ed7c17-7585-42d6-9940-b4db05dbf9c6.MOBFWBYZK3HACR72.SEARCH&ssid=k565kd8ts00000001612245748776&qH=7b7504afcaf2e1ea
"Apple iPhone 12 (White, 256 GB)",4.7 out of 5,"1,289 Ratings & 116 Reviews","₹94,900",https://www.flipkart.com/apple-iphone-12-white-256-gb/p/itmcfbcb621e6326?pid=MOBFWBYZMNGZVMJE&lid=LSTMOBFWBYZMNGZVMJEQYPFS1&marketplace=FLIPKART&srno=s_1_10&otracker=search&otracker1=search&fm=organic&iid=86ed7c17-7585-42d6-9940-b4db05dbf9c6.MOBFWBYZMNGZVMJE.SEARCH&ssid=k565kd8ts00000001612245748776&qH=7b7504afcaf2e1ea
"Apple iPhone 12 (White, 128 GB)",4.7 out of 5,"1,289 Ratings & 116 Reviews","₹84,900",https://www.flipkart.com/apple-iphone-12-white-128-gb/p/itm95393f4c6cc59?pid=MOBFWBYZBTZFGJF9&lid=LSTMOBFWBYZBTZFGJF9K5AZO1&marketplace=FLIPKART&srno=s_1_11&otracker=search&otracker1=search&fm=organic&iid=86ed7c17-7585-42d6-9940-b4db05dbf9c6.MOBFWBYZBTZFGJF9.SEARCH&ssid=k565kd8ts00000001612245748776&qH=7b7504afcaf2e1ea
"Apple iPhone 12 (Green, 256 GB)",4.7 out of 5,"1,289 Ratings & 116 Reviews","₹94,900",https://www.flipkart.com/apple-iphone-12-green-256-gb/p/itm6d126e7980774?pid=MOBFWBYZZPFJYYEY&lid=LSTMOBFWBYZZPFJYYEYIUA7H8&marketplace=FLIPKART&srno=s_1_12&otracker=search&otracker1=search&fm=organic&iid=86ed7c17-7585-42d6-9940-b4db05dbf9c6.MOBFWBYZZPFJYYEY.SEARCH&ssid=k565kd8ts00000001612245748776&qH=7b7504afcaf2e1ea
"Apple iPhone XR (Black, 64 GB) (Includes EarPods, Power Adapter)",4.6 out of 5,"71,298 Ratings & 6,100 Reviews","₹43,999₹47,9008% off",https://www.flipkart.com/apple-iphone-xr-black-64-gb-includes-earpods-power-adapter/p/itmf9z7zxu4uqyz2?pid=MOBF9Z7ZPHGV4GNH&lid=LSTMOBF9Z7ZPHGV4GNH9IFADQ&marketplace=FLIPKART&srno=s_1_13&otracker=search&otracker1=search&fm=organic&iid=86ed7c17-7585-42d6-9940-b4db05dbf9c6.MOBF9Z7ZPHGV4GNH.SEARCH&ssid=k565kd8ts00000001612245748776&qH=7b7504afcaf2e1ea
"Apple iPhone 12 (Blue, 256 GB)",4.7 out of 5,"1,289 Ratings & 116 Reviews","₹94,900",https://www.flipkart.com/apple-iphone-12-blue-256-gb/p/itm3be487cd1dea5?pid=MOBFWBYZKYYZUANT&lid=LSTMOBFWBYZKYYZUANTU9JOHX&marketplace=FLIPKART&srno=s_1_14&otracker=search&otracker1=search&fm=organic&iid=86ed7c17-7585-42d6-9940-b4db05dbf9c6.MOBFWBYZKYYZUANT.SEARCH&ssid=k565kd8ts00000001612245748776&qH=7b7504afcaf2e1ea
"Apple iPhone 12 (Black, 256 GB)",4.7 out of 5,"1,289 Ratings & 116 Reviews","₹94,900",https://www.flipkart.com/apple-iphone-12-black-256-gb/p/itm68421fa1c1121?pid=MOBFWBYZ7CR9FRHZ&lid=LSTMOBFWBYZ7CR9FRHZFXKLTD&marketplace=FLIPKART&srno=s_1_15&otracker=search&otracker1=search&fm=organic&iid=86ed7c17-7585-42d6-9940-b4db05dbf9c6.MOBFWBYZ7CR9FRHZ.SEARCH&ssid=k565kd8ts00000001612245748776&qH=7b7504afcaf2e1ea
"Apple iPhone 12 (Red, 256 GB)",4.7 out of 5,"1,289 Ratings & 116 Reviews","₹94,900",https://www.flipkart.com/apple-iphone-12-red-256-gb/p/itm16f42310fe29a?pid=MOBFWBYZEBH6SAFP&lid=LSTMOBFWBYZEBH6SAFPS13XFR&marketplace=FLIPKART&srno=s_1_16&otracker=search&otracker1=search&fm=organic&iid=86ed7c17-7585-42d6-9940-b4db05dbf9c6.MOBFWBYZEBH6SAFP.SEARCH&ssid=k565kd8ts00000001612245748776&qH=7b7504afcaf2e1ea
"Apple iPhone 12 Mini (Blue, 64 GB)",4.5 out of 5,475 Ratings & 40 Reviews,"₹69,900",https://www.flipkart.com/apple-iphone-12-mini-blue-64-gb/p/itm2883104474448?pid=MOBFWBYZC6UYGR2R&lid=LSTMOBFWBYZC6UYGR2RMNRM7G&marketplace=FLIPKART&srno=s_1_17&otracker=search&otracker1=search&fm=organic&iid=86ed7c17-7585-42d6-9940-b4db05dbf9c6.MOBFWBYZC6UYGR2R.SEARCH&ssid=k565kd8ts00000001612245748776&qH=7b7504afcaf2e1ea
"Apple iPhone 12 Mini (Blue, 128 GB)",4.5 out of 5,475 Ratings & 40 Reviews,"₹74,900",https://www.flipkart.com/apple-iphone-12-mini-blue-128-gb/p/itm9b6cdec9700ee?pid=MOBFWBYZHU58PHCZ&lid=LSTMOBFWBYZHU58PHCZOK9EEO&marketplace=FLIPKART&srno=s_1_18&otracker=search&otracker1=search&fm=organic&iid=86ed7c17-7585-42d6-9940-b4db05dbf9c6.MOBFWBYZHU58PHCZ.SEARCH&ssid=k565kd8ts00000001612245748776&qH=7b7504afcaf2e1ea
"Apple iPhone 12 Mini (White, 64 GB)",4.5 out of 5,475 Ratings & 40 Reviews,"₹69,900",https://www.flipkart.com/apple-iphone-12-mini-white-64-gb/p/itmf3b16d1640898?pid=MOBFWBYZBH4CEC4C&lid=LSTMOBFWBYZBH4CEC4CXRBIBP&marketplace=FLIPKART&srno=s_1_19&otracker=search&otracker1=search&fm=organic&iid=86ed7c17-7585-42d6-9940-b4db05dbf9c6.MOBFWBYZBH4CEC4C.SEARCH&ssid=k565kd8ts00000001612245748776&qH=7b7504afcaf2e1ea
"Apple iPhone 12 Mini (Black, 128 GB)",4.5 out of 5,475 Ratings & 40 Reviews,"₹74,900",https://www.flipkart.com/apple-iphone-12-mini-black-128-gb/p/itm0eb512c195bdf?pid=MOBFWBYZH2AMPNPD&lid=LSTMOBFWBYZH2AMPNPDBASLBZ&marketplace=FLIPKART&srno=s_1_20&otracker=search&otracker1=search&fm=organic&iid=86ed7c17-7585-42d6-9940-b4db05dbf9c6.MOBFWBYZH2AMPNPD.SEARCH&ssid=k565kd8ts00000001612245748776&qH=7b7504afcaf2e1ea
"Apple iPhone 12 Mini (Black, 64 GB)",4.5 out of 5,475 Ratings & 40 Reviews,"₹69,900",https://www.flipkart.com/apple-iphone-12-mini-black-64-gb/p/itm38b727191eb08?pid=MOBFWBYZXSEGBS6F&lid=LSTMOBFWBYZXSEGBS6F4NXXZW&marketplace=FLIPKART&srno=s_1_21&otracker=search&otracker1=search&fm=organic&iid=86ed7c17-7585-42d6-9940-b4db05dbf9c6.MOBFWBYZXSEGBS6F.SEARCH&ssid=k565kd8ts00000001612245748776&qH=7b7504afcaf2e1ea
"Apple iPhone 12 Pro Max (Graphite, 128 GB)",4.7 out of 5,443 Ratings & 36 Reviews,"₹1,29,900",https://www.flipkart.com/apple-iphone-12-pro-max-graphite-128-gb/p/itm973c298184f51?pid=MOBFWBYZFDGQSDWS&lid=LSTMOBFWBYZFDGQSDWSWMBEA6&marketplace=FLIPKART&srno=s_1_22&otracker=search&otracker1=search&fm=organic&iid=86ed7c17-7585-42d6-9940-b4db05dbf9c6.MOBFWBYZFDGQSDWS.SEARCH&ssid=k565kd8ts00000001612245748776&qH=7b7504afcaf2e1ea
"Apple iPhone 12 Pro Max (Pacific Blue, 128 GB)",4.7 out of 5,443 Ratings & 36 Reviews,"₹1,29,900",https://www.flipkart.com/apple-iphone-12-pro-max-pacific-blue-128-gb/p/itmd89812b558a03?pid=MOBFWBYZZABKHZQA&lid=LSTMOBFWBYZZABKHZQACQ9MLL&marketplace=FLIPKART&srno=s_1_23&otracker=search&otracker1=search&fm=organic&iid=86ed7c17-7585-42d6-9940-b4db05dbf9c6.MOBFWBYZZABKHZQA.SEARCH&ssid=k565kd8ts00000001612245748776&qH=7b7504afcaf2e1ea
"Apple iPhone 12 Pro Max (Gold, 256 GB)",4.7 out of 5,443 Ratings & 36 Reviews,"₹1,39,900",https://www.flipkart.com/apple-iphone-12-pro-max-gold-256-gb/p/itm1e0354f5bbc8c?pid=MOBFWBYZZPW8JHQF&lid=LSTMOBFWBYZZPW8JHQF9DJLT1&marketplace=FLIPKART&srno=s_1_24&otracker=search&otracker1=search&fm=organic&iid=86ed7c17-7585-42d6-9940-b4db05dbf9c6.MOBFWBYZZPW8JHQF.SEARCH&ssid=k565kd8ts00000001612245748776&qH=7b7504afcaf2e1ea
"Apple iPhone 12 (Black, 64 GB)",4.7 out of 5,"1,289 Ratings & 116 Reviews","₹79,900",https://www.flipkart.com/apple-iphone-12-black-64-gb/p/itma2559422bf7c7?pid=MOBFWBYZU5FWK2VP&lid=LSTMOBFWBYZU5FWK2VP98XIL4&marketplace=FLIPKART&srno=s_1_1&otracker=search&otracker1=search&fm=organic&iid=933bf878-9f6c-41c4-a989-651a38b53bdd.MOBFWBYZU5FWK2VP.SEARCH&ssid=cqvpwdvozk0000001612245750153&qH=7b7504afcaf2e1ea
"Apple iPhone 12 (Red, 64 GB)",4.7 out of 5,"1,289 Ratings & 116 Reviews","₹79,900",https://www.flipkart.com/apple-iphone-12-red-64-gb/p/itm3481e4053d500?pid=MOBFWBYZDP6QCQ8F&lid=LSTMOBFWBYZDP6QCQ8FEL9UPN&marketplace=FLIPKART&srno=s_1_2&otracker=search&otracker1=search&fm=organic&iid=933bf878-9f6c-41c4-a989-651a38b53bdd.MOBFWBYZDP6QCQ8F.SEARCH&ssid=cqvpwdvozk0000001612245750153&qH=7b7504afcaf2e1ea
"Apple iPhone 12 (Red, 128 GB)",4.7 out of 5,"1,289 Ratings & 116 Reviews","₹84,900",https://www.flipkart.com/apple-iphone-12-red-128-gb/p/itma7bd86885ed98?pid=MOBFWBYZUHPFWQRD&lid=LSTMOBFWBYZUHPFWQRD7UBXC2&marketplace=FLIPKART&srno=s_1_3&otracker=search&otracker1=search&fm=organic&iid=933bf878-9f6c-41c4-a989-651a38b53bdd.MOBFWBYZUHPFWQRD.SEARCH&ssid=cqvpwdvozk0000001612245750153&qH=7b7504afcaf2e1ea
"Apple iPhone 12 (White, 64 GB)",4.7 out of 5,"1,289 Ratings & 116 Reviews","₹79,900",https://www.flipkart.com/apple-iphone-12-white-64-gb/p/itm8b88bdc03cd79?pid=MOBFWBYZTK33MBG9&lid=LSTMOBFWBYZTK33MBG9YC4F9Y&marketplace=FLIPKART&srno=s_1_4&otracker=search&otracker1=search&fm=organic&iid=933bf878-9f6c-41c4-a989-651a38b53bdd.MOBFWBYZTK33MBG9.SEARCH&ssid=cqvpwdvozk0000001612245750153&qH=7b7504afcaf2e1ea
"Apple iPhone 12 (Blue, 64 GB)",4.7 out of 5,"1,289 Ratings & 116 Reviews","₹79,900",https://www.flipkart.com/apple-iphone-12-blue-64-gb/p/itm5778ad0d0d255?pid=MOBFWBYZ8DNJNY7N&lid=LSTMOBFWBYZ8DNJNY7NOXBUPN&marketplace=FLIPKART&srno=s_1_5&otracker=search&otracker1=search&fm=organic&iid=933bf878-9f6c-41c4-a989-651a38b53bdd.MOBFWBYZ8DNJNY7N.SEARCH&ssid=cqvpwdvozk0000001612245750153&qH=7b7504afcaf2e1ea
"Apple iPhone 12 (Green, 128 GB)",4.7 out of 5,"1,289 Ratings & 116 Reviews","₹84,900",https://www.flipkart.com/apple-iphone-12-green-128-gb/p/itm4e0a120f7d9c4?pid=MOBFWBYZQXUEHF48&lid=LSTMOBFWBYZQXUEHF487CPMKU&marketplace=FLIPKART&srno=s_1_6&otracker=search&otracker1=search&fm=organic&iid=933bf878-9f6c-41c4-a989-651a38b53bdd.MOBFWBYZQXUEHF48.SEARCH&ssid=cqvpwdvozk0000001612245750153&qH=7b7504afcaf2e1ea
"Apple iPhone 12 (Green, 64 GB)",4.7 out of 5,"1,289 Ratings & 116 Reviews","₹79,900",https://www.flipkart.com/apple-iphone-12-green-64-gb/p/itmc8a19a9686173?pid=MOBFWBYZKK3EJPFW&lid=LSTMOBFWBYZKK3EJPFWBJCVXA&marketplace=FLIPKART&srno=s_1_7&otracker=search&otracker1=search&fm=organic&iid=933bf878-9f6c-41c4-a989-651a38b53bdd.MOBFWBYZKK3EJPFW.SEARCH&ssid=cqvpwdvozk0000001612245750153&qH=7b7504afcaf2e1ea
"Apple iPhone 12 (Blue, 128 GB)",4.7 out of 5,"1,289 Ratings & 116 Reviews","₹84,900",https://www.flipkart.com/apple-iphone-12-blue-128-gb/p/itm02853ae92e90a?pid=MOBFWBYZKPTZF9VG&lid=LSTMOBFWBYZKPTZF9VG6GMIFT&marketplace=FLIPKART&srno=s_1_8&otracker=search&otracker1=search&fm=organic&iid=933bf878-9f6c-41c4-a989-651a38b53bdd.MOBFWBYZKPTZF9VG.SEARCH&ssid=cqvpwdvozk0000001612245750153&qH=7b7504afcaf2e1ea
"Apple iPhone 12 (Black, 128 GB)",4.7 out of 5,"1,289 Ratings & 116 Reviews","₹84,900",https://www.flipkart.com/apple-iphone-12-black-128-gb/p/itmf1f0a58f1ecd7?pid=MOBFWBYZK3HACR72&lid=LSTMOBFWBYZK3HACR72SELGT5&marketplace=FLIPKART&srno=s_1_9&otracker=search&otracker1=search&fm=organic&iid=933bf878-9f6c-41c4-a989-651a38b53bdd.MOBFWBYZK3HACR72.SEARCH&ssid=cqvpwdvozk0000001612245750153&qH=7b7504afcaf2e1ea
"Apple iPhone 12 (White, 256 GB)",4.7 out of 5,"1,289 Ratings & 116 Reviews","₹94,900",https://www.flipkart.com/apple-iphone-12-white-256-gb/p/itmcfbcb621e6326?pid=MOBFWBYZMNGZVMJE&lid=LSTMOBFWBYZMNGZVMJEQYPFS1&marketplace=FLIPKART&srno=s_1_10&otracker=search&otracker1=search&fm=organic&iid=933bf878-9f6c-41c4-a989-651a38b53bdd.MOBFWBYZMNGZVMJE.SEARCH&ssid=cqvpwdvozk0000001612245750153&qH=7b7504afcaf2e1ea
"Apple iPhone 12 (White, 128 GB)",4.7 out of 5,"1,289 Ratings & 116 Reviews","₹84,900",https://www.flipkart.com/apple-iphone-12-white-128-gb/p/itm95393f4c6cc59?pid=MOBFWBYZBTZFGJF9&lid=LSTMOBFWBYZBTZFGJF9K5AZO1&marketplace=FLIPKART&srno=s_1_11&otracker=search&otracker1=search&fm=organic&iid=933bf878-9f6c-41c4-a989-651a38b53bdd.MOBFWBYZBTZFGJF9.SEARCH&ssid=cqvpwdvozk0000001612245750153&qH=7b7504afcaf2e1ea
"Apple iPhone 12 (Green, 256 GB)",4.7 out of 5,"1,289 Ratings & 116 Reviews","₹94,900",https://www.flipkart.com/apple-iphone-12-green-256-gb/p/itm6d126e7980774?pid=MOBFWBYZZPFJYYEY&lid=LSTMOBFWBYZZPFJYYEYIUA7H8&marketplace=FLIPKART&srno=s_1_12&otracker=search&otracker1=search&fm=organic&iid=933bf878-9f6c-41c4-a989-651a38b53bdd.MOBFWBYZZPFJYYEY.SEARCH&ssid=cqvpwdvozk0000001612245750153&qH=7b7504afcaf2e1ea
"Apple iPhone XR (Black, 64 GB) (Includes EarPods, Power Adapter)",4.6 out of 5,"71,298 Ratings & 6,100 Reviews","₹43,999₹47,9008% off",https://www.flipkart.com/apple-iphone-xr-black-64-gb-includes-earpods-power-adapter/p/itmf9z7zxu4uqyz2?pid=MOBF9Z7ZPHGV4GNH&lid=LSTMOBF9Z7ZPHGV4GNH9IFADQ&marketplace=FLIPKART&srno=s_1_13&otracker=search&otracker1=search&fm=organic&iid=933bf878-9f6c-41c4-a989-651a38b53bdd.MOBF9Z7ZPHGV4GNH.SEARCH&ssid=cqvpwdvozk0000001612245750153&qH=7b7504afcaf2e1ea
"Apple iPhone 12 (Blue, 256 GB)",4.7 out of 5,"1,289 Ratings & 116 Reviews","₹94,900",https://www.flipkart.com/apple-iphone-12-blue-256-gb/p/itm3be487cd1dea5?pid=MOBFWBYZKYYZUANT&lid=LSTMOBFWBYZKYYZUANTU9JOHX&marketplace=FLIPKART&srno=s_1_14&otracker=search&otracker1=search&fm=organic&iid=933bf878-9f6c-41c4-a989-651a38b53bdd.MOBFWBYZKYYZUANT.SEARCH&ssid=cqvpwdvozk0000001612245750153&qH=7b7504afcaf2e1ea
"Apple iPhone 12 (Black, 256 GB)",4.7 out of 5,"1,289 Ratings & 116 Reviews","₹94,900",https://www.flipkart.com/apple-iphone-12-black-256-gb/p/itm68421fa1c1121?pid=MOBFWBYZ7CR9FRHZ&lid=LSTMOBFWBYZ7CR9FRHZFXKLTD&marketplace=FLIPKART&srno=s_1_15&otracker=search&otracker1=search&fm=organic&iid=933bf878-9f6c-41c4-a989-651a38b53bdd.MOBFWBYZ7CR9FRHZ.SEARCH&ssid=cqvpwdvozk0000001612245750153&qH=7b7504afcaf2e1ea
"Apple iPhone 12 (Red, 256 GB)",4.7 out of 5,"1,289 Ratings & 116 Reviews","₹94,900",https://www.flipkart.com/apple-iphone-12-red-256-gb/p/itm16f42310fe29a?pid=MOBFWBYZEBH6SAFP&lid=LSTMOBFWBYZEBH6SAFPS13XFR&marketplace=FLIPKART&srno=s_1_16&otracker=search&otracker1=search&fm=organic&iid=933bf878-9f6c-41c4-a989-651a38b53bdd.MOBFWBYZEBH6SAFP.SEARCH&ssid=cqvpwdvozk0000001612245750153&qH=7b7504afcaf2e1ea
"Apple iPhone 12 Mini (Blue, 64 GB)",4.5 out of 5,475 Ratings & 40 Reviews,"₹69,900",https://www.flipkart.com/apple-iphone-12-mini-blue-64-gb/p/itm2883104474448?pid=MOBFWBYZC6UYGR2R&lid=LSTMOBFWBYZC6UYGR2RMNRM7G&marketplace=FLIPKART&srno=s_1_17&otracker=search&otracker1=search&fm=organic&iid=933bf878-9f6c-41c4-a989-651a38b53bdd.MOBFWBYZC6UYGR2R.SEARCH&ssid=cqvpwdvozk0000001612245750153&qH=7b7504afcaf2e1ea
"Apple iPhone 12 Mini (Blue, 128 GB)",4.5 out of 5,475 Ratings & 40 Reviews,"₹74,900",https://www.flipkart.com/apple-iphone-12-mini-blue-128-gb/p/itm9b6cdec9700ee?pid=MOBFWBYZHU58PHCZ&lid=LSTMOBFWBYZHU58PHCZOK9EEO&marketplace=FLIPKART&srno=s_1_18&otracker=search&otracker1=search&fm=organic&iid=933bf878-9f6c-41c4-a989-651a38b53bdd.MOBFWBYZHU58PHCZ.SEARCH&ssid=cqvpwdvozk0000001612245750153&qH=7b7504afcaf2e1ea
"Apple iPhone 12 Mini (White, 64 GB)",4.5 out of 5,475 Ratings & 40 Reviews,"₹69,900",https://www.flipkart.com/apple-iphone-12-mini-white-64-gb/p/itmf3b16d1640898?pid=MOBFWBYZBH4CEC4C&lid=LSTMOBFWBYZBH4CEC4CXRBIBP&marketplace=FLIPKART&srno=s_1_19&otracker=search&otracker1=search&fm=organic&iid=933bf878-9f6c-41c4-a989-651a38b53bdd.MOBFWBYZBH4CEC4C.SEARCH&ssid=cqvpwdvozk0000001612245750153&qH=7b7504afcaf2e1ea
"Apple iPhone 12 Mini (Black, 128 GB)",4.5 out of 5,475 Ratings & 40 Reviews,"₹74,900",https://www.flipkart.com/apple-iphone-12-mini-black-128-gb/p/itm0eb512c195bdf?pid=MOBFWBYZH2AMPNPD&lid=LSTMOBFWBYZH2AMPNPDBASLBZ&marketplace=FLIPKART&srno=s_1_20&otracker=search&otracker1=search&fm=organic&iid=933bf878-9f6c-41c4-a989-651a38b53bdd.MOBFWBYZH2AMPNPD.SEARCH&ssid=cqvpwdvozk0000001612245750153&qH=7b7504afcaf2e1ea
"Apple iPhone 12 Mini (Black, 64 GB)",4.5 out of 5,475 Ratings & 40 Reviews,"₹69,900",https://www.flipkart.com/apple-iphone-12-mini-black-64-gb/p/itm38b727191eb08?pid=MOBFWBYZXSEGBS6F&lid=LSTMOBFWBYZXSEGBS6F4NXXZW&marketplace=FLIPKART&srno=s_1_21&otracker=search&otracker1=search&fm=organic&iid=933bf878-9f6c-41c4-a989-651a38b53bdd.MOBFWBYZXSEGBS6F.SEARCH&ssid=cqvpwdvozk0000001612245750153&qH=7b7504afcaf2e1ea
"Apple iPhone 12 Pro Max (Graphite, 128 GB)",4.7 out of 5,443 Ratings & 36 Reviews,"₹1,29,900",https://www.flipkart.com/apple-iphone-12-pro-max-graphite-128-gb/p/itm973c298184f51?pid=MOBFWBYZFDGQSDWS&lid=LSTMOBFWBYZFDGQSDWSWMBEA6&marketplace=FLIPKART&srno=s_1_22&otracker=search&otracker1=search&fm=organic&iid=933bf878-9f6c-41c4-a989-651a38b53bdd.MOBFWBYZFDGQSDWS.SEARCH&ssid=cqvpwdvozk0000001612245750153&qH=7b7504afcaf2e1ea
"Apple iPhone 12 Pro Max (Pacific Blue, 128 GB)",4.7 out of 5,443 Ratings & 36 Reviews,"₹1,29,900",https://www.flipkart.com/apple-iphone-12-pro-max-pacific-blue-128-gb/p/itmd89812b558a03?pid=MOBFWBYZZABKHZQA&lid=LSTMOBFWBYZZABKHZQACQ9MLL&marketplace=FLIPKART&srno=s_1_23&otracker=search&otracker1=search&fm=organic&iid=933bf878-9f6c-41c4-a989-651a38b53bdd.MOBFWBYZZABKHZQA.SEARCH&ssid=cqvpwdvozk0000001612245750153&qH=7b7504afcaf2e1ea
"Apple iPhone 12 Pro Max (Gold, 256 GB)",4.7 out of 5,443 Ratings & 36 Reviews,"₹1,39,900",https://www.flipkart.com/apple-iphone-12-pro-max-gold-256-gb/p/itm1e0354f5bbc8c?pid=MOBFWBYZZPW8JHQF&lid=LSTMOBFWBYZZPW8JHQF9DJLT1&marketplace=FLIPKART&srno=s_1_24&otracker=search&otracker1=search&fm=organic&iid=933bf878-9f6c-41c4-a989-651a38b53bdd.MOBFWBYZZPW8JHQF.SEARCH&ssid=cqvpwdvozk0000001612245750153&qH=7b7504afcaf2e1ea
"Apple iPhone 12 (Black, 64 GB)",4.7 out of 5,"1,289 Ratings & 116 Reviews","₹79,900",https://www.flipkart.com/apple-iphone-12-black-64-gb/p/itma2559422bf7c7?pid=MOBFWBYZU5FWK2VP&lid=LSTMOBFWBYZU5FWK2VP98XIL4&marketplace=FLIPKART&srno=s_1_1&otracker=search&otracker1=search&fm=organic&iid=056f2d3a-0868-4643-b88d-8e98be4e968d.MOBFWBYZU5FWK2VP.SEARCH&ssid=vp39uxk6ww0000001612245752034&qH=7b7504afcaf2e1ea
"Apple iPhone 12 (Red, 64 GB)",4.7 out of 5,"1,289 Ratings & 116 Reviews","₹79,900",https://www.flipkart.com/apple-iphone-12-red-64-gb/p/itm3481e4053d500?pid=MOBFWBYZDP6QCQ8F&lid=LSTMOBFWBYZDP6QCQ8FEL9UPN&marketplace=FLIPKART&srno=s_1_2&otracker=search&otracker1=search&fm=organic&iid=056f2d3a-0868-4643-b88d-8e98be4e968d.MOBFWBYZDP6QCQ8F.SEARCH&ssid=vp39uxk6ww0000001612245752034&qH=7b7504afcaf2e1ea
"Apple iPhone 12 (Red, 128 GB)",4.7 out of 5,"1,289 Ratings & 116 Reviews","₹84,900",https://www.flipkart.com/apple-iphone-12-red-128-gb/p/itma7bd86885ed98?pid=MOBFWBYZUHPFWQRD&lid=LSTMOBFWBYZUHPFWQRD7UBXC2&marketplace=FLIPKART&srno=s_1_3&otracker=search&otracker1=search&fm=organic&iid=056f2d3a-0868-4643-b88d-8e98be4e968d.MOBFWBYZUHPFWQRD.SEARCH&ssid=vp39uxk6ww0000001612245752034&qH=7b7504afcaf2e1ea
"Apple iPhone 12 (White, 64 GB)",4.7 out of 5,"1,289 Ratings & 116 Reviews","₹79,900",https://www.flipkart.com/apple-iphone-12-white-64-gb/p/itm8b88bdc03cd79?pid=MOBFWBYZTK33MBG9&lid=LSTMOBFWBYZTK33MBG9YC4F9Y&marketplace=FLIPKART&srno=s_1_4&otracker=search&otracker1=search&fm=organic&iid=056f2d3a-0868-4643-b88d-8e98be4e968d.MOBFWBYZTK33MBG9.SEARCH&ssid=vp39uxk6ww0000001612245752034&qH=7b7504afcaf2e1ea
"Apple iPhone 12 (Blue, 64 GB)",4.7 out of 5,"1,289 Ratings & 116 Reviews","₹79,900",https://www.flipkart.com/apple-iphone-12-blue-64-gb/p/itm5778ad0d0d255?pid=MOBFWBYZ8DNJNY7N&lid=LSTMOBFWBYZ8DNJNY7NOXBUPN&marketplace=FLIPKART&srno=s_1_5&otracker=search&otracker1=search&fm=organic&iid=056f2d3a-0868-4643-b88d-8e98be4e968d.MOBFWBYZ8DNJNY7N.SEARCH&ssid=vp39uxk6ww0000001612245752034&qH=7b7504afcaf2e1ea
"Apple iPhone 12 (Green, 128 GB)",4.7 out of 5,"1,289 Ratings & 116 Reviews","₹84,900",https://www.flipkart.com/apple-iphone-12-green-128-gb/p/itm4e0a120f7d9c4?pid=MOBFWBYZQXUEHF48&lid=LSTMOBFWBYZQXUEHF487CPMKU&marketplace=FLIPKART&srno=s_1_6&otracker=search&otracker1=search&fm=organic&iid=056f2d3a-0868-4643-b88d-8e98be4e968d.MOBFWBYZQXUEHF48.SEARCH&ssid=vp39uxk6ww0000001612245752034&qH=7b7504afcaf2e1ea
"Apple iPhone 12 (Green, 64 GB)",4.7 out of 5,"1,289 Ratings & 116 Reviews","₹79,900",https://www.flipkart.com/apple-iphone-12-green-64-gb/p/itmc8a19a9686173?pid=MOBFWBYZKK3EJPFW&lid=LSTMOBFWBYZKK3EJPFWBJCVXA&marketplace=FLIPKART&srno=s_1_7&otracker=search&otracker1=search&fm=organic&iid=056f2d3a-0868-4643-b88d-8e98be4e968d.MOBFWBYZKK3EJPFW.SEARCH&ssid=vp39uxk6ww0000001612245752034&qH=7b7504afcaf2e1ea
"Apple iPhone 12 (Blue, 128 GB)",4.7 out of 5,"1,289 Ratings & 116 Reviews","₹84,900",https://www.flipkart.com/apple-iphone-12-blue-128-gb/p/itm02853ae92e90a?pid=MOBFWBYZKPTZF9VG&lid=LSTMOBFWBYZKPTZF9VG6GMIFT&marketplace=FLIPKART&srno=s_1_8&otracker=search&otracker1=search&fm=organic&iid=056f2d3a-0868-4643-b88d-8e98be4e968d.MOBFWBYZKPTZF9VG.SEARCH&ssid=vp39uxk6ww0000001612245752034&qH=7b7504afcaf2e1ea
"Apple iPhone 12 (Black, 128 GB)",4.7 out of 5,"1,289 Ratings & 116 Reviews","₹84,900",https://www.flipkart.com/apple-iphone-12-black-128-gb/p/itmf1f0a58f1ecd7?pid=MOBFWBYZK3HACR72&lid=LSTMOBFWBYZK3HACR72SELGT5&marketplace=FLIPKART&srno=s_1_9&otracker=search&otracker1=search&fm=organic&iid=056f2d3a-0868-4643-b88d-8e98be4e968d.MOBFWBYZK3HACR72.SEARCH&ssid=vp39uxk6ww0000001612245752034&qH=7b7504afcaf2e1ea
"Apple iPhone 12 (White, 256 GB)",4.7 out of 5,"1,289 Ratings & 116 Reviews","₹94,900",https://www.flipkart.com/apple-iphone-12-white-256-gb/p/itmcfbcb621e6326?pid=MOBFWBYZMNGZVMJE&lid=LSTMOBFWBYZMNGZVMJEQYPFS1&marketplace=FLIPKART&srno=s_1_10&otracker=search&otracker1=search&fm=organic&iid=056f2d3a-0868-4643-b88d-8e98be4e968d.MOBFWBYZMNGZVMJE.SEARCH&ssid=vp39uxk6ww0000001612245752034&qH=7b7504afcaf2e1ea
"Apple iPhone 12 (White, 128 GB)",4.7 out of 5,"1,289 Ratings & 116 Reviews","₹84,900",https://www.flipkart.com/apple-iphone-12-white-128-gb/p/itm95393f4c6cc59?pid=MOBFWBYZBTZFGJF9&lid=LSTMOBFWBYZBTZFGJF9K5AZO1&marketplace=FLIPKART&srno=s_1_11&otracker=search&otracker1=search&fm=organic&iid=056f2d3a-0868-4643-b88d-8e98be4e968d.MOBFWBYZBTZFGJF9.SEARCH&ssid=vp39uxk6ww0000001612245752034&qH=7b7504afcaf2e1ea
"Apple iPhone 12 (Green, 256 GB)",4.7 out of 5,"1,289 Ratings & 116 Reviews","₹94,900",https://www.flipkart.com/apple-iphone-12-green-256-gb/p/itm6d126e7980774?pid=MOBFWBYZZPFJYYEY&lid=LSTMOBFWBYZZPFJYYEYIUA7H8&marketplace=FLIPKART&srno=s_1_12&otracker=search&otracker1=search&fm=organic&iid=056f2d3a-0868-4643-b88d-8e98be4e968d.MOBFWBYZZPFJYYEY.SEARCH&ssid=vp39uxk6ww0000001612245752034&qH=7b7504afcaf2e1ea
"Apple iPhone XR (Black, 64 GB) (Includes EarPods, Power Adapter)",4.6 out of 5,"71,298 Ratings & 6,100 Reviews","₹43,999₹47,9008% off",https://www.flipkart.com/apple-iphone-xr-black-64-gb-includes-earpods-power-adapter/p/itmf9z7zxu4uqyz2?pid=MOBF9Z7ZPHGV4GNH&lid=LSTMOBF9Z7ZPHGV4GNH9IFADQ&marketplace=FLIPKART&srno=s_1_13&otracker=search&otracker1=search&fm=organic&iid=056f2d3a-0868-4643-b88d-8e98be4e968d.MOBF9Z7ZPHGV4GNH.SEARCH&ssid=vp39uxk6ww0000001612245752034&qH=7b7504afcaf2e1ea
"Apple iPhone 12 (Blue, 256 GB)",4.7 out of 5,"1,289 Ratings & 116 Reviews","₹94,900",https://www.flipkart.com/apple-iphone-12-blue-256-gb/p/itm3be487cd1dea5?pid=MOBFWBYZKYYZUANT&lid=LSTMOBFWBYZKYYZUANTU9JOHX&marketplace=FLIPKART&srno=s_1_14&otracker=search&otracker1=search&fm=organic&iid=056f2d3a-0868-4643-b88d-8e98be4e968d.MOBFWBYZKYYZUANT.SEARCH&ssid=vp39uxk6ww0000001612245752034&qH=7b7504afcaf2e1ea
"Apple iPhone 12 (Black, 256 GB)",4.7 out of 5,"1,289 Ratings & 116 Reviews","₹94,900",https://www.flipkart.com/apple-iphone-12-black-256-gb/p/itm68421fa1c1121?pid=MOBFWBYZ7CR9FRHZ&lid=LSTMOBFWBYZ7CR9FRHZFXKLTD&marketplace=FLIPKART&srno=s_1_15&otracker=search&otracker1=search&fm=organic&iid=056f2d3a-0868-4643-b88d-8e98be4e968d.MOBFWBYZ7CR9FRHZ.SEARCH&ssid=vp39uxk6ww0000001612245752034&qH=7b7504afcaf2e1ea
"Apple iPhone 12 (Red, 256 GB)",4.7 out of 5,"1,289 Ratings & 116 Reviews","₹94,900",https://www.flipkart.com/apple-iphone-12-red-256-gb/p/itm16f42310fe29a?pid=MOBFWBYZEBH6SAFP&lid=LSTMOBFWBYZEBH6SAFPS13XFR&marketplace=FLIPKART&srno=s_1_16&otracker=search&otracker1=search&fm=organic&iid=056f2d3a-0868-4643-b88d-8e98be4e968d.MOBFWBYZEBH6SAFP.SEARCH&ssid=vp39uxk6ww0000001612245752034&qH=7b7504afcaf2e1ea
"Apple iPhone 12 Mini (Blue, 64 GB)",4.5 out of 5,475 Ratings & 40 Reviews,"₹69,900",https://www.flipkart.com/apple-iphone-12-mini-blue-64-gb/p/itm2883104474448?pid=MOBFWBYZC6UYGR2R&lid=LSTMOBFWBYZC6UYGR2RMNRM7G&marketplace=FLIPKART&srno=s_1_17&otracker=search&otracker1=search&fm=organic&iid=056f2d3a-0868-4643-b88d-8e98be4e968d.MOBFWBYZC6UYGR2R.SEARCH&ssid=vp39uxk6ww0000001612245752034&qH=7b7504afcaf2e1ea
"Apple iPhone 12 Mini (Blue, 128 GB)",4.5 out of 5,475 Ratings & 40 Reviews,"₹74,900",https://www.flipkart.com/apple-iphone-12-mini-blue-128-gb/p/itm9b6cdec9700ee?pid=MOBFWBYZHU58PHCZ&lid=LSTMOBFWBYZHU58PHCZOK9EEO&marketplace=FLIPKART&srno=s_1_18&otracker=search&otracker1=search&fm=organic&iid=056f2d3a-0868-4643-b88d-8e98be4e968d.MOBFWBYZHU58PHCZ.SEARCH&ssid=vp39uxk6ww0000001612245752034&qH=7b7504afcaf2e1ea
"Apple iPhone 12 Mini (White, 64 GB)",4.5 out of 5,475 Ratings & 40 Reviews,"₹69,900",https://www.flipkart.com/apple-iphone-12-mini-white-64-gb/p/itmf3b16d1640898?pid=MOBFWBYZBH4CEC4C&lid=LSTMOBFWBYZBH4CEC4CXRBIBP&marketplace=FLIPKART&srno=s_1_19&otracker=search&otracker1=search&fm=organic&iid=056f2d3a-0868-4643-b88d-8e98be4e968d.MOBFWBYZBH4CEC4C.SEARCH&ssid=vp39uxk6ww0000001612245752034&qH=7b7504afcaf2e1ea
"Apple iPhone 12 Mini (Black, 128 GB)",4.5 out of 5,475 Ratings & 40 Reviews,"₹74,900",https://www.flipkart.com/apple-iphone-12-mini-black-128-gb/p/itm0eb512c195bdf?pid=MOBFWBYZH2AMPNPD&lid=LSTMOBFWBYZH2AMPNPDBASLBZ&marketplace=FLIPKART&srno=s_1_20&otracker=search&otracker1=search&fm=organic&iid=056f2d3a-0868-4643-b88d-8e98be4e968d.MOBFWBYZH2AMPNPD.SEARCH&ssid=vp39uxk6ww0000001612245752034&qH=7b7504afcaf2e1ea
"Apple iPhone 12 Mini (Black, 64 GB)",4.5 out of 5,475 Ratings & 40 Reviews,"₹69,900",https://www.flipkart.com/apple-iphone-12-mini-black-64-gb/p/itm38b727191eb08?pid=MOBFWBYZXSEGBS6F&lid=LSTMOBFWBYZXSEGBS6F4NXXZW&marketplace=FLIPKART&srno=s_1_21&otracker=search&otracker1=search&fm=organic&iid=056f2d3a-0868-4643-b88d-8e98be4e968d.MOBFWBYZXSEGBS6F.SEARCH&ssid=vp39uxk6ww0000001612245752034&qH=7b7504afcaf2e1ea
"Apple iPhone 12 Pro Max (Graphite, 128 GB)",4.7 out of 5,443 Ratings & 36 Reviews,"₹1,29,900",https://www.flipkart.com/apple-iphone-12-pro-max-graphite-128-gb/p/itm973c298184f51?pid=MOBFWBYZFDGQSDWS&lid=LSTMOBFWBYZFDGQSDWSWMBEA6&marketplace=FLIPKART&srno=s_1_22&otracker=search&otracker1=search&fm=organic&iid=056f2d3a-0868-4643-b88d-8e98be4e968d.MOBFWBYZFDGQSDWS.SEARCH&ssid=vp39uxk6ww0000001612245752034&qH=7b7504afcaf2e1ea
"Apple iPhone 12 Pro Max (Pacific Blue, 128 GB)",4.7 out of 5,443 Ratings & 36 Reviews,"₹1,29,900",https://www.flipkart.com/apple-iphone-12-pro-max-pacific-blue-128-gb/p/itmd89812b558a03?pid=MOBFWBYZZABKHZQA&lid=LSTMOBFWBYZZABKHZQACQ9MLL&marketplace=FLIPKART&srno=s_1_23&otracker=search&otracker1=search&fm=organic&iid=056f2d3a-0868-4643-b88d-8e98be4e968d.MOBFWBYZZABKHZQA.SEARCH&ssid=vp39uxk6ww0000001612245752034&qH=7b7504afcaf2e1ea
"Apple iPhone 12 Pro Max (Gold, 256 GB)",4.7 out of 5,443 Ratings & 36 Reviews,"₹1,39,900",https://www.flipkart.com/apple-iphone-12-pro-max-gold-256-gb/p/itm1e0354f5bbc8c?pid=MOBFWBYZZPW8JHQF&lid=LSTMOBFWBYZZPW8JHQF9DJLT1&marketplace=FLIPKART&srno=s_1_24&otracker=search&otracker1=search&fm=organic&iid=056f2d3a-0868-4643-b88d-8e98be4e968d.MOBFWBYZZPW8JHQF.SEARCH&ssid=vp39uxk6ww0000001612245752034&qH=7b7504afcaf2e1ea
"Apple iPhone 12 (Black, 64 GB)",4.7 out of 5,"1,289 Ratings & 116 Reviews","₹79,900",https://www.flipkart.com/apple-iphone-12-black-64-gb/p/itma2559422bf7c7?pid=MOBFWBYZU5FWK2VP&lid=LSTMOBFWBYZU5FWK2VP98XIL4&marketplace=FLIPKART&srno=s_1_1&otracker=search&otracker1=search&fm=organic&iid=7b80b00c-1894-456a-aa80-2011172e25c4.MOBFWBYZU5FWK2VP.SEARCH&ssid=u9kpx4gdio0000001612245753522&qH=7b7504afcaf2e1ea
"Apple iPhone 12 (Red, 64 GB)",4.7 out of 5,"1,289 Ratings & 116 Reviews","₹79,900",https://www.flipkart.com/apple-iphone-12-red-64-gb/p/itm3481e4053d500?pid=MOBFWBYZDP6QCQ8F&lid=LSTMOBFWBYZDP6QCQ8FEL9UPN&marketplace=FLIPKART&srno=s_1_2&otracker=search&otracker1=search&fm=organic&iid=7b80b00c-1894-456a-aa80-2011172e25c4.MOBFWBYZDP6QCQ8F.SEARCH&ssid=u9kpx4gdio0000001612245753522&qH=7b7504afcaf2e1ea
"Apple iPhone 12 (Red, 128 GB)",4.7 out of 5,"1,289 Ratings & 116 Reviews","₹84,900",https://www.flipkart.com/apple-iphone-12-red-128-gb/p/itma7bd86885ed98?pid=MOBFWBYZUHPFWQRD&lid=LSTMOBFWBYZUHPFWQRD7UBXC2&marketplace=FLIPKART&srno=s_1_3&otracker=search&otracker1=search&fm=organic&iid=7b80b00c-1894-456a-aa80-2011172e25c4.MOBFWBYZUHPFWQRD.SEARCH&ssid=u9kpx4gdio0000001612245753522&qH=7b7504afcaf2e1ea
"Apple iPhone 12 (White, 64 GB)",4.7 out of 5,"1,289 Ratings & 116 Reviews","₹79,900",https://www.flipkart.com/apple-iphone-12-white-64-gb/p/itm8b88bdc03cd79?pid=MOBFWBYZTK33MBG9&lid=LSTMOBFWBYZTK33MBG9YC4F9Y&marketplace=FLIPKART&srno=s_1_4&otracker=search&otracker1=search&fm=organic&iid=7b80b00c-1894-456a-aa80-2011172e25c4.MOBFWBYZTK33MBG9.SEARCH&ssid=u9kpx4gdio0000001612245753522&qH=7b7504afcaf2e1ea
"Apple iPhone 12 (Blue, 64 GB)",4.7 out of 5,"1,289 Ratings & 116 Reviews","₹79,900",https://www.flipkart.com/apple-iphone-12-blue-64-gb/p/itm5778ad0d0d255?pid=MOBFWBYZ8DNJNY7N&lid=LSTMOBFWBYZ8DNJNY7NOXBUPN&marketplace=FLIPKART&srno=s_1_5&otracker=search&otracker1=search&fm=organic&iid=7b80b00c-1894-456a-aa80-2011172e25c4.MOBFWBYZ8DNJNY7N.SEARCH&ssid=u9kpx4gdio0000001612245753522&qH=7b7504afcaf2e1ea
"Apple iPhone 12 (Green, 128 GB)",4.7 out of 5,"1,289 Ratings & 116 Reviews","₹84,900",https://www.flipkart.com/apple-iphone-12-green-128-gb/p/itm4e0a120f7d9c4?pid=MOBFWBYZQXUEHF48&lid=LSTMOBFWBYZQXUEHF487CPMKU&marketplace=FLIPKART&srno=s_1_6&otracker=search&otracker1=search&fm=organic&iid=7b80b00c-1894-456a-aa80-2011172e25c4.MOBFWBYZQXUEHF48.SEARCH&ssid=u9kpx4gdio0000001612245753522&qH=7b7504afcaf2e1ea
"Apple iPhone 12 (Green, 64 GB)",4.7 out of 5,"1,289 Ratings & 116 Reviews","₹79,900",https://www.flipkart.com/apple-iphone-12-green-64-gb/p/itmc8a19a9686173?pid=MOBFWBYZKK3EJPFW&lid=LSTMOBFWBYZKK3EJPFWBJCVXA&marketplace=FLIPKART&srno=s_1_7&otracker=search&otracker1=search&fm=organic&iid=7b80b00c-1894-456a-aa80-2011172e25c4.MOBFWBYZKK3EJPFW.SEARCH&ssid=u9kpx4gdio0000001612245753522&qH=7b7504afcaf2e1ea
"Apple iPhone 12 (Blue, 128 GB)",4.7 out of 5,"1,289 Ratings & 116 Reviews","₹84,900",https://www.flipkart.com/apple-iphone-12-blue-128-gb/p/itm02853ae92e90a?pid=MOBFWBYZKPTZF9VG&lid=LSTMOBFWBYZKPTZF9VG6GMIFT&marketplace=FLIPKART&srno=s_1_8&otracker=search&otracker1=search&fm=organic&iid=7b80b00c-1894-456a-aa80-2011172e25c4.MOBFWBYZKPTZF9VG.SEARCH&ssid=u9kpx4gdio0000001612245753522&qH=7b7504afcaf2e1ea
"Apple iPhone 12 (Black, 128 GB)",4.7 out of 5,"1,289 Ratings & 116 Reviews","₹84,900",https://www.flipkart.com/apple-iphone-12-black-128-gb/p/itmf1f0a58f1ecd7?pid=MOBFWBYZK3HACR72&lid=LSTMOBFWBYZK3HACR72SELGT5&marketplace=FLIPKART&srno=s_1_9&otracker=search&otracker1=search&fm=organic&iid=7b80b00c-1894-456a-aa80-2011172e25c4.MOBFWBYZK3HACR72.SEARCH&ssid=u9kpx4gdio0000001612245753522&qH=7b7504afcaf2e1ea
"Apple iPhone 12 (White, 256 GB)",4.7 out of 5,"1,289 Ratings & 116 Reviews","₹94,900",https://www.flipkart.com/apple-iphone-12-white-256-gb/p/itmcfbcb621e6326?pid=MOBFWBYZMNGZVMJE&lid=LSTMOBFWBYZMNGZVMJEQYPFS1&marketplace=FLIPKART&srno=s_1_10&otracker=search&otracker1=search&fm=organic&iid=7b80b00c-1894-456a-aa80-2011172e25c4.MOBFWBYZMNGZVMJE.SEARCH&ssid=u9kpx4gdio0000001612245753522&qH=7b7504afcaf2e1ea
"Apple iPhone 12 (White, 128 GB)",4.7 out of 5,"1,289 Ratings & 116 Reviews","₹84,900",https://www.flipkart.com/apple-iphone-12-white-128-gb/p/itm95393f4c6cc59?pid=MOBFWBYZBTZFGJF9&lid=LSTMOBFWBYZBTZFGJF9K5AZO1&marketplace=FLIPKART&srno=s_1_11&otracker=search&otracker1=search&fm=organic&iid=7b80b00c-1894-456a-aa80-2011172e25c4.MOBFWBYZBTZFGJF9.SEARCH&ssid=u9kpx4gdio0000001612245753522&qH=7b7504afcaf2e1ea
"Apple iPhone 12 (Green, 256 GB)",4.7 out of 5,"1,289 Ratings & 116 Reviews","₹94,900",https://www.flipkart.com/apple-iphone-12-green-256-gb/p/itm6d126e7980774?pid=MOBFWBYZZPFJYYEY&lid=LSTMOBFWBYZZPFJYYEYIUA7H8&marketplace=FLIPKART&srno=s_1_12&otracker=search&otracker1=search&fm=organic&iid=7b80b00c-1894-456a-aa80-2011172e25c4.MOBFWBYZZPFJYYEY.SEARCH&ssid=u9kpx4gdio0000001612245753522&qH=7b7504afcaf2e1ea
"Apple iPhone XR (Black, 64 GB) (Includes EarPods, Power Adapter)",4.6 out of 5,"71,298 Ratings & 6,100 Reviews","₹43,999₹47,9008% off",https://www.flipkart.com/apple-iphone-xr-black-64-gb-includes-earpods-power-adapter/p/itmf9z7zxu4uqyz2?pid=MOBF9Z7ZPHGV4GNH&lid=LSTMOBF9Z7ZPHGV4GNH9IFADQ&marketplace=FLIPKART&srno=s_1_13&otracker=search&otracker1=search&fm=organic&iid=7b80b00c-1894-456a-aa80-2011172e25c4.MOBF9Z7ZPHGV4GNH.SEARCH&ssid=u9kpx4gdio0000001612245753522&qH=7b7504afcaf2e1ea
"Apple iPhone 12 (Blue, 256 GB)",4.7 out of 5,"1,289 Ratings & 116 Reviews","₹94,900",https://www.flipkart.com/apple-iphone-12-blue-256-gb/p/itm3be487cd1dea5?pid=MOBFWBYZKYYZUANT&lid=LSTMOBFWBYZKYYZUANTU9JOHX&marketplace=FLIPKART&srno=s_1_14&otracker=search&otracker1=search&fm=organic&iid=7b80b00c-1894-456a-aa80-2011172e25c4.MOBFWBYZKYYZUANT.SEARCH&ssid=u9kpx4gdio0000001612245753522&qH=7b7504afcaf2e1ea
"Apple iPhone 12 (Black, 256 GB)",4.7 out of 5,"1,289 Ratings & 116 Reviews","₹94,900",https://www.flipkart.com/apple-iphone-12-black-256-gb/p/itm68421fa1c1121?pid=MOBFWBYZ7CR9FRHZ&lid=LSTMOBFWBYZ7CR9FRHZFXKLTD&marketplace=FLIPKART&srno=s_1_15&otracker=search&otracker1=search&fm=organic&iid=7b80b00c-1894-456a-aa80-2011172e25c4.MOBFWBYZ7CR9FRHZ.SEARCH&ssid=u9kpx4gdio0000001612245753522&qH=7b7504afcaf2e1ea
"Apple iPhone 12 (Red, 256 GB)",4.7 out of 5,"1,289 Ratings & 116 Reviews","₹94,900",https://www.flipkart.com/apple-iphone-12-red-256-gb/p/itm16f42310fe29a?pid=MOBFWBYZEBH6SAFP&lid=LSTMOBFWBYZEBH6SAFPS13XFR&marketplace=FLIPKART&srno=s_1_16&otracker=search&otracker1=search&fm=organic&iid=7b80b00c-1894-456a-aa80-2011172e25c4.MOBFWBYZEBH6SAFP.SEARCH&ssid=u9kpx4gdio0000001612245753522&qH=7b7504afcaf2e1ea
"Apple iPhone 12 Mini (Blue, 64 GB)",4.5 out of 5,475 Ratings & 40 Reviews,"₹69,900",https://www.flipkart.com/apple-iphone-12-mini-blue-64-gb/p/itm2883104474448?pid=MOBFWBYZC6UYGR2R&lid=LSTMOBFWBYZC6UYGR2RMNRM7G&marketplace=FLIPKART&srno=s_1_17&otracker=search&otracker1=search&fm=organic&iid=7b80b00c-1894-456a-aa80-2011172e25c4.MOBFWBYZC6UYGR2R.SEARCH&ssid=u9kpx4gdio0000001612245753522&qH=7b7504afcaf2e1ea
"Apple iPhone 12 Mini (Blue, 128 GB)",4.5 out of 5,475 Ratings & 40 Reviews,"₹74,900",https://www.flipkart.com/apple-iphone-12-mini-blue-128-gb/p/itm9b6cdec9700ee?pid=MOBFWBYZHU58PHCZ&lid=LSTMOBFWBYZHU58PHCZOK9EEO&marketplace=FLIPKART&srno=s_1_18&otracker=search&otracker1=search&fm=organic&iid=7b80b00c-1894-456a-aa80-2011172e25c4.MOBFWBYZHU58PHCZ.SEARCH&ssid=u9kpx4gdio0000001612245753522&qH=7b7504afcaf2e1ea
"Apple iPhone 12 Mini (White, 64 GB)",4.5 out of 5,475 Ratings & 40 Reviews,"₹69,900",https://www.flipkart.com/apple-iphone-12-mini-white-64-gb/p/itmf3b16d1640898?pid=MOBFWBYZBH4CEC4C&lid=LSTMOBFWBYZBH4CEC4CXRBIBP&marketplace=FLIPKART&srno=s_1_19&otracker=search&otracker1=search&fm=organic&iid=7b80b00c-1894-456a-aa80-2011172e25c4.MOBFWBYZBH4CEC4C.SEARCH&ssid=u9kpx4gdio0000001612245753522&qH=7b7504afcaf2e1ea
"Apple iPhone 12 Mini (Black, 128 GB)",4.5 out of 5,475 Ratings & 40 Reviews,"₹74,900",https://www.flipkart.com/apple-iphone-12-mini-black-128-gb/p/itm0eb512c195bdf?pid=MOBFWBYZH2AMPNPD&lid=LSTMOBFWBYZH2AMPNPDBASLBZ&marketplace=FLIPKART&srno=s_1_20&otracker=search&otracker1=search&fm=organic&iid=7b80b00c-1894-456a-aa80-2011172e25c4.MOBFWBYZH2AMPNPD.SEARCH&ssid=u9kpx4gdio0000001612245753522&qH=7b7504afcaf2e1ea
"Apple iPhone 12 Mini (Black, 64 GB)",4.5 out of 5,475 Ratings & 40 Reviews,"₹69,900",https://www.flipkart.com/apple-iphone-12-mini-black-64-gb/p/itm38b727191eb08?pid=MOBFWBYZXSEGBS6F&lid=LSTMOBFWBYZXSEGBS6F4NXXZW&marketplace=FLIPKART&srno=s_1_21&otracker=search&otracker1=search&fm=organic&iid=7b80b00c-1894-456a-aa80-2011172e25c4.MOBFWBYZXSEGBS6F.SEARCH&ssid=u9kpx4gdio0000001612245753522&qH=7b7504afcaf2e1ea
"Apple iPhone 12 Pro Max (Graphite, 128 GB)",4.7 out of 5,443 Ratings & 36 Reviews,"₹1,29,900",https://www.flipkart.com/apple-iphone-12-pro-max-graphite-128-gb/p/itm973c298184f51?pid=MOBFWBYZFDGQSDWS&lid=LSTMOBFWBYZFDGQSDWSWMBEA6&marketplace=FLIPKART&srno=s_1_22&otracker=search&otracker1=search&fm=organic&iid=7b80b00c-1894-456a-aa80-2011172e25c4.MOBFWBYZFDGQSDWS.SEARCH&ssid=u9kpx4gdio0000001612245753522&qH=7b7504afcaf2e1ea
"Apple iPhone 12 Pro Max (Pacific Blue, 128 GB)",4.7 out of 5,443 Ratings & 36 Reviews,"₹1,29,900",https://www.flipkart.com/apple-iphone-12-pro-max-pacific-blue-128-gb/p/itmd89812b558a03?pid=MOBFWBYZZABKHZQA&lid=LSTMOBFWBYZZABKHZQACQ9MLL&marketplace=FLIPKART&srno=s_1_23&otracker=search&otracker1=search&fm=organic&iid=7b80b00c-1894-456a-aa80-2011172e25c4.MOBFWBYZZABKHZQA.SEARCH&ssid=u9kpx4gdio0000001612245753522&qH=7b7504afcaf2e1ea
"Apple iPhone 12 Pro Max (Gold, 256 GB)",4.7 out of 5,443 Ratings & 36 Reviews,"₹1,39,900",https://www.flipkart.com/apple-iphone-12-pro-max-gold-256-gb/p/itm1e0354f5bbc8c?pid=MOBFWBYZZPW8JHQF&lid=LSTMOBFWBYZZPW8JHQF9DJLT1&marketplace=FLIPKART&srno=s_1_24&otracker=search&otracker1=search&fm=organic&iid=7b80b00c-1894-456a-aa80-2011172e25c4.MOBFWBYZZPW8JHQF.SEARCH&ssid=u9kpx4gdio0000001612245753522&qH=7b7504afcaf2e1ea
"Apple iPhone 12 (Black, 64 GB)",4.7 out of 5,"1,289 Ratings & 116 Reviews","₹79,900",https://www.flipkart.com/apple-iphone-12-black-64-gb/p/itma2559422bf7c7?pid=MOBFWBYZU5FWK2VP&lid=LSTMOBFWBYZU5FWK2VP98XIL4&marketplace=FLIPKART&srno=s_1_1&otracker=search&otracker1=search&fm=organic&iid=b97039c1-dc67-46c2-8064-2b908ef75d23.MOBFWBYZU5FWK2VP.SEARCH&ssid=2itc6f9efk0000001612245755057&qH=7b7504afcaf2e1ea
"Apple iPhone 12 (White, 64 GB)",4.7 out of 5,"1,289 Ratings & 116 Reviews","₹79,900",https://www.flipkart.com/apple-iphone-12-white-64-gb/p/itm8b88bdc03cd79?pid=MOBFWBYZTK33MBG9&lid=LSTMOBFWBYZTK33MBG9YC4F9Y&marketplace=FLIPKART&srno=s_1_2&otracker=search&otracker1=search&fm=organic&iid=b97039c1-dc67-46c2-8064-2b908ef75d23.MOBFWBYZTK33MBG9.SEARCH&ssid=2itc6f9efk0000001612245755057&qH=7b7504afcaf2e1ea
"Apple iPhone 12 (Blue, 64 GB)",4.7 out of 5,"1,289 Ratings & 116 Reviews","₹79,900",https://www.flipkart.com/apple-iphone-12-blue-64-gb/p/itm5778ad0d0d255?pid=MOBFWBYZ8DNJNY7N&lid=LSTMOBFWBYZ8DNJNY7NOXBUPN&marketplace=FLIPKART&srno=s_1_3&otracker=search&otracker1=search&fm=organic&iid=b97039c1-dc67-46c2-8064-2b908ef75d23.MOBFWBYZ8DNJNY7N.SEARCH&ssid=2itc6f9efk0000001612245755057&qH=7b7504afcaf2e1ea
"Apple iPhone 12 (Red, 64 GB)",4.7 out of 5,"1,289 Ratings & 116 Reviews","₹79,900",https://www.flipkart.com/apple-iphone-12-red-64-gb/p/itm3481e4053d500?pid=MOBFWBYZDP6QCQ8F&lid=LSTMOBFWBYZDP6QCQ8FEL9UPN&marketplace=FLIPKART&srno=s_1_4&otracker=search&otracker1=search&fm=organic&iid=b97039c1-dc67-46c2-8064-2b908ef75d23.MOBFWBYZDP6QCQ8F.SEARCH&ssid=2itc6f9efk0000001612245755057&qH=7b7504afcaf2e1ea
"Apple iPhone 12 (Red, 128 GB)",4.7 out of 5,"1,289 Ratings & 116 Reviews","₹84,900",https://www.flipkart.com/apple-iphone-12-red-128-gb/p/itma7bd86885ed98?pid=MOBFWBYZUHPFWQRD&lid=LSTMOBFWBYZUHPFWQRD7UBXC2&marketplace=FLIPKART&srno=s_1_5&otracker=search&otracker1=search&fm=organic&iid=b97039c1-dc67-46c2-8064-2b908ef75d23.MOBFWBYZUHPFWQRD.SEARCH&ssid=2itc6f9efk0000001612245755057&qH=7b7504afcaf2e1ea
"Apple iPhone 12 (Green, 128 GB)",4.7 out of 5,"1,289 Ratings & 116 Reviews","₹84,900",https://www.flipkart.com/apple-iphone-12-green-128-gb/p/itm4e0a120f7d9c4?pid=MOBFWBYZQXUEHF48&lid=LSTMOBFWBYZQXUEHF487CPMKU&marketplace=FLIPKART&srno=s_1_6&otracker=search&otracker1=search&fm=organic&iid=b97039c1-dc67-46c2-8064-2b908ef75d23.MOBFWBYZQXUEHF48.SEARCH&ssid=2itc6f9efk0000001612245755057&qH=7b7504afcaf2e1ea
"Apple iPhone 12 (Green, 64 GB)",4.7 out of 5,"1,289 Ratings & 116 Reviews","₹79,900",https://www.flipkart.com/apple-iphone-12-green-64-gb/p/itmc8a19a9686173?pid=MOBFWBYZKK3EJPFW&lid=LSTMOBFWBYZKK3EJPFWBJCVXA&marketplace=FLIPKART&srno=s_1_7&otracker=search&otracker1=search&fm=organic&iid=b97039c1-dc67-46c2-8064-2b908ef75d23.MOBFWBYZKK3EJPFW.SEARCH&ssid=2itc6f9efk0000001612245755057&qH=7b7504afcaf2e1ea
"Apple iPhone 12 (Blue, 128 GB)",4.7 out of 5,"1,289 Ratings & 116 Reviews","₹84,900",https://www.flipkart.com/apple-iphone-12-blue-128-gb/p/itm02853ae92e90a?pid=MOBFWBYZKPTZF9VG&lid=LSTMOBFWBYZKPTZF9VG6GMIFT&marketplace=FLIPKART&srno=s_1_8&otracker=search&otracker1=search&fm=organic&iid=b97039c1-dc67-46c2-8064-2b908ef75d23.MOBFWBYZKPTZF9VG.SEARCH&ssid=2itc6f9efk0000001612245755057&qH=7b7504afcaf2e1ea
"Apple iPhone 12 (Black, 128 GB)",4.7 out of 5,"1,289 Ratings & 116 Reviews","₹84,900",https://www.flipkart.com/apple-iphone-12-black-128-gb/p/itmf1f0a58f1ecd7?pid=MOBFWBYZK3HACR72&lid=LSTMOBFWBYZK3HACR72SELGT5&marketplace=FLIPKART&srno=s_1_9&otracker=search&otracker1=search&fm=organic&iid=b97039c1-dc67-46c2-8064-2b908ef75d23.MOBFWBYZK3HACR72.SEARCH&ssid=2itc6f9efk0000001612245755057&qH=7b7504afcaf2e1ea
"Apple iPhone 12 (White, 256 GB)",4.7 out of 5,"1,289 Ratings & 116 Reviews","₹94,900",https://www.flipkart.com/apple-iphone-12-white-256-gb/p/itmcfbcb621e6326?pid=MOBFWBYZMNGZVMJE&lid=LSTMOBFWBYZMNGZVMJEQYPFS1&marketplace=FLIPKART&srno=s_1_10&otracker=search&otracker1=search&fm=organic&iid=b97039c1-dc67-46c2-8064-2b908ef75d23.MOBFWBYZMNGZVMJE.SEARCH&ssid=2itc6f9efk0000001612245755057&qH=7b7504afcaf2e1ea
"Apple iPhone 12 (White, 128 GB)",4.7 out of 5,"1,289 Ratings & 116 Reviews","₹84,900",https://www.flipkart.com/apple-iphone-12-white-128-gb/p/itm95393f4c6cc59?pid=MOBFWBYZBTZFGJF9&lid=LSTMOBFWBYZBTZFGJF9K5AZO1&marketplace=FLIPKART&srno=s_1_11&otracker=search&otracker1=search&fm=organic&iid=b97039c1-dc67-46c2-8064-2b908ef75d23.MOBFWBYZBTZFGJF9.SEARCH&ssid=2itc6f9efk0000001612245755057&qH=7b7504afcaf2e1ea
"Apple iPhone 12 (Green, 256 GB)",4.7 out of 5,"1,289 Ratings & 116 Reviews","₹94,900",https://www.flipkart.com/apple-iphone-12-green-256-gb/p/itm6d126e7980774?pid=MOBFWBYZZPFJYYEY&lid=LSTMOBFWBYZZPFJYYEYIUA7H8&marketplace=FLIPKART&srno=s_1_12&otracker=search&otracker1=search&fm=organic&iid=b97039c1-dc67-46c2-8064-2b908ef75d23.MOBFWBYZZPFJYYEY.SEARCH&ssid=2itc6f9efk0000001612245755057&qH=7b7504afcaf2e1ea
"Apple iPhone XR (Black, 64 GB) (Includes EarPods, Power Adapter)",4.6 out of 5,"71,055 Ratings & 6,071 Reviews","₹43,999₹47,9008% off",https://www.flipkart.com/apple-iphone-xr-black-64-gb-includes-earpods-power-adapter/p/itmf9z7zxu4uqyz2?pid=MOBF9Z7ZPHGV4GNH&lid=LSTMOBF9Z7ZPHGV4GNH9IFADQ&marketplace=FLIPKART&srno=s_1_13&otracker=search&otracker1=search&fm=organic&iid=b97039c1-dc67-46c2-8064-2b908ef75d23.MOBF9Z7ZPHGV4GNH.SEARCH&ssid=2itc6f9efk0000001612245755057&qH=7b7504afcaf2e1ea
"Apple iPhone 12 (Blue, 256 GB)",4.7 out of 5,"1,289 Ratings & 116 Reviews","₹94,900",https://www.flipkart.com/apple-iphone-12-blue-256-gb/p/itm3be487cd1dea5?pid=MOBFWBYZKYYZUANT&lid=LSTMOBFWBYZKYYZUANTU9JOHX&marketplace=FLIPKART&srno=s_1_14&otracker=search&otracker1=search&fm=organic&iid=b97039c1-dc67-46c2-8064-2b908ef75d23.MOBFWBYZKYYZUANT.SEARCH&ssid=2itc6f9efk0000001612245755057&qH=7b7504afcaf2e1ea
"Apple iPhone 12 (Black, 256 GB)",4.7 out of 5,"1,289 Ratings & 116 Reviews","₹94,900",https://www.flipkart.com/apple-iphone-12-black-256-gb/p/itm68421fa1c1121?pid=MOBFWBYZ7CR9FRHZ&lid=LSTMOBFWBYZ7CR9FRHZFXKLTD&marketplace=FLIPKART&srno=s_1_15&otracker=search&otracker1=search&fm=organic&iid=b97039c1-dc67-46c2-8064-2b908ef75d23.MOBFWBYZ7CR9FRHZ.SEARCH&ssid=2itc6f9efk0000001612245755057&qH=7b7504afcaf2e1ea
"Apple iPhone 12 (Red, 256 GB)",4.7 out of 5,"1,289 Ratings & 116 Reviews","₹94,900",https://www.flipkart.com/apple-iphone-12-red-256-gb/p/itm16f42310fe29a?pid=MOBFWBYZEBH6SAFP&lid=LSTMOBFWBYZEBH6SAFPS13XFR&marketplace=FLIPKART&srno=s_1_16&otracker=search&otracker1=search&fm=organic&iid=b97039c1-dc67-46c2-8064-2b908ef75d23.MOBFWBYZEBH6SAFP.SEARCH&ssid=2itc6f9efk0000001612245755057&qH=7b7504afcaf2e1ea
"Apple iPhone 12 Pro (Pacific Blue, 128 GB)",4.6 out of 5,428 Ratings & 33 Reviews,"₹1,19,900",https://www.flipkart.com/apple-iphone-12-pro-pacific-blue-128-gb/p/itm97c833296c221?pid=MOBFWBYZXYSCEEEH&lid=LSTMOBFWBYZXYSCEEEHWV51IN&marketplace=FLIPKART&srno=s_1_17&otracker=search&otracker1=search&fm=organic&iid=b97039c1-dc67-46c2-8064-2b908ef75d23.MOBFWBYZXYSCEEEH.SEARCH&ssid=2itc6f9efk0000001612245755057&qH=7b7504afcaf2e1ea
"Apple iPhone 12 Mini (Blue, 64 GB)",4.5 out of 5,475 Ratings & 40 Reviews,"₹69,900",https://www.flipkart.com/apple-iphone-12-mini-blue-64-gb/p/itm2883104474448?pid=MOBFWBYZC6UYGR2R&lid=LSTMOBFWBYZC6UYGR2RMNRM7G&marketplace=FLIPKART&srno=s_1_18&otracker=search&otracker1=search&fm=organic&iid=b97039c1-dc67-46c2-8064-2b908ef75d23.MOBFWBYZC6UYGR2R.SEARCH&ssid=2itc6f9efk0000001612245755057&qH=7b7504afcaf2e1ea
"Apple iPhone 12 Mini (Blue, 128 GB)",4.5 out of 5,475 Ratings & 40 Reviews,"₹74,900",https://www.flipkart.com/apple-iphone-12-mini-blue-128-gb/p/itm9b6cdec9700ee?pid=MOBFWBYZHU58PHCZ&lid=LSTMOBFWBYZHU58PHCZOK9EEO&marketplace=FLIPKART&srno=s_1_19&otracker=search&otracker1=search&fm=organic&iid=b97039c1-dc67-46c2-8064-2b908ef75d23.MOBFWBYZHU58PHCZ.SEARCH&ssid=2itc6f9efk0000001612245755057&qH=7b7504afcaf2e1ea
"Apple iPhone 12 Mini (White, 64 GB)",4.5 out of 5,475 Ratings & 40 Reviews,"₹69,900",https://www.flipkart.com/apple-iphone-12-mini-white-64-gb/p/itmf3b16d1640898?pid=MOBFWBYZBH4CEC4C&lid=LSTMOBFWBYZBH4CEC4CXRBIBP&marketplace=FLIPKART&srno=s_1_20&otracker=search&otracker1=search&fm=organic&iid=b97039c1-dc67-46c2-8064-2b908ef75d23.MOBFWBYZBH4CEC4C.SEARCH&ssid=2itc6f9efk0000001612245755057&qH=7b7504afcaf2e1ea
"Apple iPhone 12 Mini (Black, 128 GB)",4.5 out of 5,475 Ratings & 40 Reviews,"₹74,900",https://www.flipkart.com/apple-iphone-12-mini-black-128-gb/p/itm0eb512c195bdf?pid=MOBFWBYZH2AMPNPD&lid=LSTMOBFWBYZH2AMPNPDBASLBZ&marketplace=FLIPKART&srno=s_1_21&otracker=search&otracker1=search&fm=organic&iid=b97039c1-dc67-46c2-8064-2b908ef75d23.MOBFWBYZH2AMPNPD.SEARCH&ssid=2itc6f9efk0000001612245755057&qH=7b7504afcaf2e1ea
"Apple iPhone 12 Mini (Black, 64 GB)",4.5 out of 5,475 Ratings & 40 Reviews,"₹69,900",https://www.flipkart.com/apple-iphone-12-mini-black-64-gb/p/itm38b727191eb08?pid=MOBFWBYZXSEGBS6F&lid=LSTMOBFWBYZXSEGBS6F4NXXZW&marketplace=FLIPKART&srno=s_1_22&otracker=search&otracker1=search&fm=organic&iid=b97039c1-dc67-46c2-8064-2b908ef75d23.MOBFWBYZXSEGBS6F.SEARCH&ssid=2itc6f9efk0000001612245755057&qH=7b7504afcaf2e1ea
"Apple iPhone 12 Pro Max (Graphite, 128 GB)",4.7 out of 5,443 Ratings & 36 Reviews,"₹1,29,900",https://www.flipkart.com/apple-iphone-12-pro-max-graphite-128-gb/p/itm973c298184f51?pid=MOBFWBYZFDGQSDWS&lid=LSTMOBFWBYZFDGQSDWSWMBEA6&marketplace=FLIPKART&srno=s_1_23&otracker=search&otracker1=search&fm=organic&iid=b97039c1-dc67-46c2-8064-2b908ef75d23.MOBFWBYZFDGQSDWS.SEARCH&ssid=2itc6f9efk0000001612245755057&qH=7b7504afcaf2e1ea
"Apple iPhone 12 Pro Max (Pacific Blue, 128 GB)",4.7 out of 5,443 Ratings & 36 Reviews,"₹1,29,900",https://www.flipkart.com/apple-iphone-12-pro-max-pacific-blue-128-gb/p/itmd89812b558a03?pid=MOBFWBYZZABKHZQA&lid=LSTMOBFWBYZZABKHZQACQ9MLL&marketplace=FLIPKART&srno=s_1_24&otracker=search&otracker1=search&fm=organic&iid=b97039c1-dc67-46c2-8064-2b908ef75d23.MOBFWBYZZABKHZQA.SEARCH&ssid=2itc6f9efk0000001612245755057&qH=7b7504afcaf2e1ea
"Apple iPhone 12 (Black, 64 GB)",4.7 out of 5,"1,289 Ratings & 116 Reviews","₹79,900",https://www.flipkart.com/apple-iphone-12-black-64-gb/p/itma2559422bf7c7?pid=MOBFWBYZU5FWK2VP&lid=LSTMOBFWBYZU5FWK2VP98XIL4&marketplace=FLIPKART&srno=s_1_1&otracker=search&otracker1=search&fm=organic&iid=0d291334-93b8-40a9-a297-b5687a54f212.MOBFWBYZU5FWK2VP.SEARCH&ssid=fsfb6xctio0000001612245756560&qH=7b7504afcaf2e1ea
"Apple iPhone 12 (Red, 64 GB)",4.7 out of 5,"1,289 Ratings & 116 Reviews","₹79,900",https://www.flipkart.com/apple-iphone-12-red-64-gb/p/itm3481e4053d500?pid=MOBFWBYZDP6QCQ8F&lid=LSTMOBFWBYZDP6QCQ8FEL9UPN&marketplace=FLIPKART&srno=s_1_2&otracker=search&otracker1=search&fm=organic&iid=0d291334-93b8-40a9-a297-b5687a54f212.MOBFWBYZDP6QCQ8F.SEARCH&ssid=fsfb6xctio0000001612245756560&qH=7b7504afcaf2e1ea
"Apple iPhone 12 (Red, 128 GB)",4.7 out of 5,"1,289 Ratings & 116 Reviews","₹84,900",https://www.flipkart.com/apple-iphone-12-red-128-gb/p/itma7bd86885ed98?pid=MOBFWBYZUHPFWQRD&lid=LSTMOBFWBYZUHPFWQRD7UBXC2&marketplace=FLIPKART&srno=s_1_3&otracker=search&otracker1=search&fm=organic&iid=0d291334-93b8-40a9-a297-b5687a54f212.MOBFWBYZUHPFWQRD.SEARCH&ssid=fsfb6xctio0000001612245756560&qH=7b7504afcaf2e1ea
"Apple iPhone 12 (White, 64 GB)",4.7 out of 5,"1,289 Ratings & 116 Reviews","₹79,900",https://www.flipkart.com/apple-iphone-12-white-64-gb/p/itm8b88bdc03cd79?pid=MOBFWBYZTK33MBG9&lid=LSTMOBFWBYZTK33MBG9YC4F9Y&marketplace=FLIPKART&srno=s_1_4&otracker=search&otracker1=search&fm=organic&iid=0d291334-93b8-40a9-a297-b5687a54f212.MOBFWBYZTK33MBG9.SEARCH&ssid=fsfb6xctio0000001612245756560&qH=7b7504afcaf2e1ea
"Apple iPhone 12 (Blue, 64 GB)",4.7 out of 5,"1,289 Ratings & 116 Reviews","₹79,900",https://www.flipkart.com/apple-iphone-12-blue-64-gb/p/itm5778ad0d0d255?pid=MOBFWBYZ8DNJNY7N&lid=LSTMOBFWBYZ8DNJNY7NOXBUPN&marketplace=FLIPKART&srno=s_1_5&otracker=search&otracker1=search&fm=organic&iid=0d291334-93b8-40a9-a297-b5687a54f212.MOBFWBYZ8DNJNY7N.SEARCH&ssid=fsfb6xctio0000001612245756560&qH=7b7504afcaf2e1ea
"Apple iPhone 12 (Green, 128 GB)",4.7 out of 5,"1,289 Ratings & 116 Reviews","₹84,900",https://www.flipkart.com/apple-iphone-12-green-128-gb/p/itm4e0a120f7d9c4?pid=MOBFWBYZQXUEHF48&lid=LSTMOBFWBYZQXUEHF487CPMKU&marketplace=FLIPKART&srno=s_1_6&otracker=search&otracker1=search&fm=organic&iid=0d291334-93b8-40a9-a297-b5687a54f212.MOBFWBYZQXUEHF48.SEARCH&ssid=fsfb6xctio0000001612245756560&qH=7b7504afcaf2e1ea
"Apple iPhone 12 (Green, 64 GB)",4.7 out of 5,"1,289 Ratings & 116 Reviews","₹79,900",https://www.flipkart.com/apple-iphone-12-green-64-gb/p/itmc8a19a9686173?pid=MOBFWBYZKK3EJPFW&lid=LSTMOBFWBYZKK3EJPFWBJCVXA&marketplace=FLIPKART&srno=s_1_7&otracker=search&otracker1=search&fm=organic&iid=0d291334-93b8-40a9-a297-b5687a54f212.MOBFWBYZKK3EJPFW.SEARCH&ssid=fsfb6xctio0000001612245756560&qH=7b7504afcaf2e1ea
"Apple iPhone 12 (Blue, 128 GB)",4.7 out of 5,"1,289 Ratings & 116 Reviews","₹84,900",https://www.flipkart.com/apple-iphone-12-blue-128-gb/p/itm02853ae92e90a?pid=MOBFWBYZKPTZF9VG&lid=LSTMOBFWBYZKPTZF9VG6GMIFT&marketplace=FLIPKART&srno=s_1_8&otracker=search&otracker1=search&fm=organic&iid=0d291334-93b8-40a9-a297-b5687a54f212.MOBFWBYZKPTZF9VG.SEARCH&ssid=fsfb6xctio0000001612245756560&qH=7b7504afcaf2e1ea
"Apple iPhone 12 (Black, 128 GB)",4.7 out of 5,"1,289 Ratings & 116 Reviews","₹84,900",https://www.flipkart.com/apple-iphone-12-black-128-gb/p/itmf1f0a58f1ecd7?pid=MOBFWBYZK3HACR72&lid=LSTMOBFWBYZK3HACR72SELGT5&marketplace=FLIPKART&srno=s_1_9&otracker=search&otracker1=search&fm=organic&iid=0d291334-93b8-40a9-a297-b5687a54f212.MOBFWBYZK3HACR72.SEARCH&ssid=fsfb6xctio0000001612245756560&qH=7b7504afcaf2e1ea
"Apple iPhone 12 (White, 256 GB)",4.7 out of 5,"1,289 Ratings & 116 Reviews","₹94,900",https://www.flipkart.com/apple-iphone-12-white-256-gb/p/itmcfbcb621e6326?pid=MOBFWBYZMNGZVMJE&lid=LSTMOBFWBYZMNGZVMJEQYPFS1&marketplace=FLIPKART&srno=s_1_10&otracker=search&otracker1=search&fm=organic&iid=0d291334-93b8-40a9-a297-b5687a54f212.MOBFWBYZMNGZVMJE.SEARCH&ssid=fsfb6xctio0000001612245756560&qH=7b7504afcaf2e1ea
"Apple iPhone 12 (White, 128 GB)",4.7 out of 5,"1,289 Ratings & 116 Reviews","₹84,900",https://www.flipkart.com/apple-iphone-12-white-128-gb/p/itm95393f4c6cc59?pid=MOBFWBYZBTZFGJF9&lid=LSTMOBFWBYZBTZFGJF9K5AZO1&marketplace=FLIPKART&srno=s_1_11&otracker=search&otracker1=search&fm=organic&iid=0d291334-93b8-40a9-a297-b5687a54f212.MOBFWBYZBTZFGJF9.SEARCH&ssid=fsfb6xctio0000001612245756560&qH=7b7504afcaf2e1ea
"Apple iPhone 12 (Green, 256 GB)",4.7 out of 5,"1,289 Ratings & 116 Reviews","₹94,900",https://www.flipkart.com/apple-iphone-12-green-256-gb/p/itm6d126e7980774?pid=MOBFWBYZZPFJYYEY&lid=LSTMOBFWBYZZPFJYYEYIUA7H8&marketplace=FLIPKART&srno=s_1_12&otracker=search&otracker1=search&fm=organic&iid=0d291334-93b8-40a9-a297-b5687a54f212.MOBFWBYZZPFJYYEY.SEARCH&ssid=fsfb6xctio0000001612245756560&qH=7b7504afcaf2e1ea
"Apple iPhone XR (Black, 64 GB) (Includes EarPods, Power Adapter)",4.6 out of 5,"71,298 Ratings & 6,100 Reviews","₹43,999₹47,9008% off",https://www.flipkart.com/apple-iphone-xr-black-64-gb-includes-earpods-power-adapter/p/itmf9z7zxu4uqyz2?pid=MOBF9Z7ZPHGV4GNH&lid=LSTMOBF9Z7ZPHGV4GNH9IFADQ&marketplace=FLIPKART&srno=s_1_13&otracker=search&otracker1=search&fm=organic&iid=0d291334-93b8-40a9-a297-b5687a54f212.MOBF9Z7ZPHGV4GNH.SEARCH&ssid=fsfb6xctio0000001612245756560&qH=7b7504afcaf2e1ea
"Apple iPhone 12 (Blue, 256 GB)",4.7 out of 5,"1,289 Ratings & 116 Reviews","₹94,900",https://www.flipkart.com/apple-iphone-12-blue-256-gb/p/itm3be487cd1dea5?pid=MOBFWBYZKYYZUANT&lid=LSTMOBFWBYZKYYZUANTU9JOHX&marketplace=FLIPKART&srno=s_1_14&otracker=search&otracker1=search&fm=organic&iid=0d291334-93b8-40a9-a297-b5687a54f212.MOBFWBYZKYYZUANT.SEARCH&ssid=fsfb6xctio0000001612245756560&qH=7b7504afcaf2e1ea
"Apple iPhone 12 (Black, 256 GB)",4.7 out of 5,"1,289 Ratings & 116 Reviews","₹94,900",https://www.flipkart.com/apple-iphone-12-black-256-gb/p/itm68421fa1c1121?pid=MOBFWBYZ7CR9FRHZ&lid=LSTMOBFWBYZ7CR9FRHZFXKLTD&marketplace=FLIPKART&srno=s_1_15&otracker=search&otracker1=search&fm=organic&iid=0d291334-93b8-40a9-a297-b5687a54f212.MOBFWBYZ7CR9FRHZ.SEARCH&ssid=fsfb6xctio0000001612245756560&qH=7b7504afcaf2e1ea
"Apple iPhone 12 (Red, 256 GB)",4.7 out of 5,"1,289 Ratings & 116 Reviews","₹94,900",https://www.flipkart.com/apple-iphone-12-red-256-gb/p/itm16f42310fe29a?pid=MOBFWBYZEBH6SAFP&lid=LSTMOBFWBYZEBH6SAFPS13XFR&marketplace=FLIPKART&srno=s_1_16&otracker=search&otracker1=search&fm=organic&iid=0d291334-93b8-40a9-a297-b5687a54f212.MOBFWBYZEBH6SAFP.SEARCH&ssid=fsfb6xctio0000001612245756560&qH=7b7504afcaf2e1ea
"Apple iPhone 12 Mini (Blue, 64 GB)",4.5 out of 5,475 Ratings & 40 Reviews,"₹69,900",https://www.flipkart.com/apple-iphone-12-mini-blue-64-gb/p/itm2883104474448?pid=MOBFWBYZC6UYGR2R&lid=LSTMOBFWBYZC6UYGR2RMNRM7G&marketplace=FLIPKART&srno=s_1_17&otracker=search&otracker1=search&fm=organic&iid=0d291334-93b8-40a9-a297-b5687a54f212.MOBFWBYZC6UYGR2R.SEARCH&ssid=fsfb6xctio0000001612245756560&qH=7b7504afcaf2e1ea
"Apple iPhone 12 Mini (Blue, 128 GB)",4.5 out of 5,475 Ratings & 40 Reviews,"₹74,900",https://www.flipkart.com/apple-iphone-12-mini-blue-128-gb/p/itm9b6cdec9700ee?pid=MOBFWBYZHU58PHCZ&lid=LSTMOBFWBYZHU58PHCZOK9EEO&marketplace=FLIPKART&srno=s_1_18&otracker=search&otracker1=search&fm=organic&iid=0d291334-93b8-40a9-a297-b5687a54f212.MOBFWBYZHU58PHCZ.SEARCH&ssid=fsfb6xctio0000001612245756560&qH=7b7504afcaf2e1ea
"Apple iPhone 12 Mini (White, 64 GB)",4.5 out of 5,475 Ratings & 40 Reviews,"₹69,900",https://www.flipkart.com/apple-iphone-12-mini-white-64-gb/p/itmf3b16d1640898?pid=MOBFWBYZBH4CEC4C&lid=LSTMOBFWBYZBH4CEC4CXRBIBP&marketplace=FLIPKART&srno=s_1_19&otracker=search&otracker1=search&fm=organic&iid=0d291334-93b8-40a9-a297-b5687a54f212.MOBFWBYZBH4CEC4C.SEARCH&ssid=fsfb6xctio0000001612245756560&qH=7b7504afcaf2e1ea
"Apple iPhone 12 Mini (Black, 128 GB)",4.5 out of 5,475 Ratings & 40 Reviews,"₹74,900",https://www.flipkart.com/apple-iphone-12-mini-black-128-gb/p/itm0eb512c195bdf?pid=MOBFWBYZH2AMPNPD&lid=LSTMOBFWBYZH2AMPNPDBASLBZ&marketplace=FLIPKART&srno=s_1_20&otracker=search&otracker1=search&fm=organic&iid=0d291334-93b8-40a9-a297-b5687a54f212.MOBFWBYZH2AMPNPD.SEARCH&ssid=fsfb6xctio0000001612245756560&qH=7b7504afcaf2e1ea
"Apple iPhone 12 Mini (Black, 64 GB)",4.5 out of 5,475 Ratings & 40 Reviews,"₹69,900",https://www.flipkart.com/apple-iphone-12-mini-black-64-gb/p/itm38b727191eb08?pid=MOBFWBYZXSEGBS6F&lid=LSTMOBFWBYZXSEGBS6F4NXXZW&marketplace=FLIPKART&srno=s_1_21&otracker=search&otracker1=search&fm=organic&iid=0d291334-93b8-40a9-a297-b5687a54f212.MOBFWBYZXSEGBS6F.SEARCH&ssid=fsfb6xctio0000001612245756560&qH=7b7504afcaf2e1ea
"Apple iPhone 12 Pro Max (Graphite, 128 GB)",4.7 out of 5,443 Ratings & 36 Reviews,"₹1,29,900",https://www.flipkart.com/apple-iphone-12-pro-max-graphite-128-gb/p/itm973c298184f51?pid=MOBFWBYZFDGQSDWS&lid=LSTMOBFWBYZFDGQSDWSWMBEA6&marketplace=FLIPKART&srno=s_1_22&otracker=search&otracker1=search&fm=organic&iid=0d291334-93b8-40a9-a297-b5687a54f212.MOBFWBYZFDGQSDWS.SEARCH&ssid=fsfb6xctio0000001612245756560&qH=7b7504afcaf2e1ea
"Apple iPhone 12 Pro Max (Pacific Blue, 128 GB)",4.7 out of 5,443 Ratings & 36 Reviews,"₹1,29,900",https://www.flipkart.com/apple-iphone-12-pro-max-pacific-blue-128-gb/p/itmd89812b558a03?pid=MOBFWBYZZABKHZQA&lid=LSTMOBFWBYZZABKHZQACQ9MLL&marketplace=FLIPKART&srno=s_1_23&otracker=search&otracker1=search&fm=organic&iid=0d291334-93b8-40a9-a297-b5687a54f212.MOBFWBYZZABKHZQA.SEARCH&ssid=fsfb6xctio0000001612245756560&qH=7b7504afcaf2e1ea
"Apple iPhone 12 Pro Max (Gold, 256 GB)",4.7 out of 5,443 Ratings & 36 Reviews,"₹1,39,900",https://www.flipkart.com/apple-iphone-12-pro-max-gold-256-gb/p/itm1e0354f5bbc8c?pid=MOBFWBYZZPW8JHQF&lid=LSTMOBFWBYZZPW8JHQF9DJLT1&marketplace=FLIPKART&srno=s_1_24&otracker=search&otracker1=search&fm=organic&iid=0d291334-93b8-40a9-a297-b5687a54f212.MOBFWBYZZPW8JHQF.SEARCH&ssid=fsfb6xctio0000001612245756560&qH=7b7504afcaf2e1ea
"Apple iPhone 12 (Black, 64 GB)",4.7 out of 5,"1,289 Ratings & 116 Reviews","₹79,900",https://www.flipkart.com/apple-iphone-12-black-64-gb/p/itma2559422bf7c7?pid=MOBFWBYZU5FWK2VP&lid=LSTMOBFWBYZU5FWK2VP98XIL4&marketplace=FLIPKART&srno=s_1_1&otracker=search&otracker1=search&fm=organic&iid=8dd1ed79-05a2-440e-bdc8-3a3247102425.MOBFWBYZU5FWK2VP.SEARCH&ssid=q0bl7ef3hs0000001612245758064&qH=7b7504afcaf2e1ea
"Apple iPhone 12 (Red, 64 GB)",4.7 out of 5,"1,289 Ratings & 116 Reviews","₹79,900",https://www.flipkart.com/apple-iphone-12-red-64-gb/p/itm3481e4053d500?pid=MOBFWBYZDP6QCQ8F&lid=LSTMOBFWBYZDP6QCQ8FEL9UPN&marketplace=FLIPKART&srno=s_1_2&otracker=search&otracker1=search&fm=organic&iid=8dd1ed79-05a2-440e-bdc8-3a3247102425.MOBFWBYZDP6QCQ8F.SEARCH&ssid=q0bl7ef3hs0000001612245758064&qH=7b7504afcaf2e1ea
"Apple iPhone 12 (Red, 128 GB)",4.7 out of 5,"1,289 Ratings & 116 Reviews","₹84,900",https://www.flipkart.com/apple-iphone-12-red-128-gb/p/itma7bd86885ed98?pid=MOBFWBYZUHPFWQRD&lid=LSTMOBFWBYZUHPFWQRD7UBXC2&marketplace=FLIPKART&srno=s_1_3&otracker=search&otracker1=search&fm=organic&iid=8dd1ed79-05a2-440e-bdc8-3a3247102425.MOBFWBYZUHPFWQRD.SEARCH&ssid=q0bl7ef3hs0000001612245758064&qH=7b7504afcaf2e1ea
"Apple iPhone 12 (White, 64 GB)",4.7 out of 5,"1,289 Ratings & 116 Reviews","₹79,900",https://www.flipkart.com/apple-iphone-12-white-64-gb/p/itm8b88bdc03cd79?pid=MOBFWBYZTK33MBG9&lid=LSTMOBFWBYZTK33MBG9YC4F9Y&marketplace=FLIPKART&srno=s_1_4&otracker=search&otracker1=search&fm=organic&iid=8dd1ed79-05a2-440e-bdc8-3a3247102425.MOBFWBYZTK33MBG9.SEARCH&ssid=q0bl7ef3hs0000001612245758064&qH=7b7504afcaf2e1ea
"Apple iPhone 12 (Blue, 64 GB)",4.7 out of 5,"1,289 Ratings & 116 Reviews","₹79,900",https://www.flipkart.com/apple-iphone-12-blue-64-gb/p/itm5778ad0d0d255?pid=MOBFWBYZ8DNJNY7N&lid=LSTMOBFWBYZ8DNJNY7NOXBUPN&marketplace=FLIPKART&srno=s_1_5&otracker=search&otracker1=search&fm=organic&iid=8dd1ed79-05a2-440e-bdc8-3a3247102425.MOBFWBYZ8DNJNY7N.SEARCH&ssid=q0bl7ef3hs0000001612245758064&qH=7b7504afcaf2e1ea
"Apple iPhone 12 (Green, 128 GB)",4.7 out of 5,"1,289 Ratings & 116 Reviews","₹84,900",https://www.flipkart.com/apple-iphone-12-green-128-gb/p/itm4e0a120f7d9c4?pid=MOBFWBYZQXUEHF48&lid=LSTMOBFWBYZQXUEHF487CPMKU&marketplace=FLIPKART&srno=s_1_6&otracker=search&otracker1=search&fm=organic&iid=8dd1ed79-05a2-440e-bdc8-3a3247102425.MOBFWBYZQXUEHF48.SEARCH&ssid=q0bl7ef3hs0000001612245758064&qH=7b7504afcaf2e1ea
"Apple iPhone 12 (Green, 64 GB)",4.7 out of 5,"1,289 Ratings & 116 Reviews","₹79,900",https://www.flipkart.com/apple-iphone-12-green-64-gb/p/itmc8a19a9686173?pid=MOBFWBYZKK3EJPFW&lid=LSTMOBFWBYZKK3EJPFWBJCVXA&marketplace=FLIPKART&srno=s_1_7&otracker=search&otracker1=search&fm=organic&iid=8dd1ed79-05a2-440e-bdc8-3a3247102425.MOBFWBYZKK3EJPFW.SEARCH&ssid=q0bl7ef3hs0000001612245758064&qH=7b7504afcaf2e1ea
"Apple iPhone 12 (Blue, 128 GB)",4.7 out of 5,"1,289 Ratings & 116 Reviews","₹84,900",https://www.flipkart.com/apple-iphone-12-blue-128-gb/p/itm02853ae92e90a?pid=MOBFWBYZKPTZF9VG&lid=LSTMOBFWBYZKPTZF9VG6GMIFT&marketplace=FLIPKART&srno=s_1_8&otracker=search&otracker1=search&fm=organic&iid=8dd1ed79-05a2-440e-bdc8-3a3247102425.MOBFWBYZKPTZF9VG.SEARCH&ssid=q0bl7ef3hs0000001612245758064&qH=7b7504afcaf2e1ea
"Apple iPhone 12 (Black, 128 GB)",4.7 out of 5,"1,289 Ratings & 116 Reviews","₹84,900",https://www.flipkart.com/apple-iphone-12-black-128-gb/p/itmf1f0a58f1ecd7?pid=MOBFWBYZK3HACR72&lid=LSTMOBFWBYZK3HACR72SELGT5&marketplace=FLIPKART&srno=s_1_9&otracker=search&otracker1=search&fm=organic&iid=8dd1ed79-05a2-440e-bdc8-3a3247102425.MOBFWBYZK3HACR72.SEARCH&ssid=q0bl7ef3hs0000001612245758064&qH=7b7504afcaf2e1ea
"Apple iPhone 12 (White, 256 GB)",4.7 out of 5,"1,289 Ratings & 116 Reviews","₹94,900",https://www.flipkart.com/apple-iphone-12-white-256-gb/p/itmcfbcb621e6326?pid=MOBFWBYZMNGZVMJE&lid=LSTMOBFWBYZMNGZVMJEQYPFS1&marketplace=FLIPKART&srno=s_1_10&otracker=search&otracker1=search&fm=organic&iid=8dd1ed79-05a2-440e-bdc8-3a3247102425.MOBFWBYZMNGZVMJE.SEARCH&ssid=q0bl7ef3hs0000001612245758064&qH=7b7504afcaf2e1ea
"Apple iPhone 12 (White, 128 GB)",4.7 out of 5,"1,289 Ratings & 116 Reviews","₹84,900",https://www.flipkart.com/apple-iphone-12-white-128-gb/p/itm95393f4c6cc59?pid=MOBFWBYZBTZFGJF9&lid=LSTMOBFWBYZBTZFGJF9K5AZO1&marketplace=FLIPKART&srno=s_1_11&otracker=search&otracker1=search&fm=organic&iid=8dd1ed79-05a2-440e-bdc8-3a3247102425.MOBFWBYZBTZFGJF9.SEARCH&ssid=q0bl7ef3hs0000001612245758064&qH=7b7504afcaf2e1ea
"Apple iPhone 12 (Green, 256 GB)",4.7 out of 5,"1,289 Ratings & 116 Reviews","₹94,900",https://www.flipkart.com/apple-iphone-12-green-256-gb/p/itm6d126e7980774?pid=MOBFWBYZZPFJYYEY&lid=LSTMOBFWBYZZPFJYYEYIUA7H8&marketplace=FLIPKART&srno=s_1_12&otracker=search&otracker1=search&fm=organic&iid=8dd1ed79-05a2-440e-bdc8-3a3247102425.MOBFWBYZZPFJYYEY.SEARCH&ssid=q0bl7ef3hs0000001612245758064&qH=7b7504afcaf2e1ea
"Apple iPhone XR (Black, 64 GB) (Includes EarPods, Power Adapter)",4.6 out of 5,"71,298 Ratings & 6,100 Reviews","₹43,999₹47,9008% off",https://www.flipkart.com/apple-iphone-xr-black-64-gb-includes-earpods-power-adapter/p/itmf9z7zxu4uqyz2?pid=MOBF9Z7ZPHGV4GNH&lid=LSTMOBF9Z7ZPHGV4GNH9IFADQ&marketplace=FLIPKART&srno=s_1_13&otracker=search&otracker1=search&fm=organic&iid=8dd1ed79-05a2-440e-bdc8-3a3247102425.MOBF9Z7ZPHGV4GNH.SEARCH&ssid=q0bl7ef3hs0000001612245758064&qH=7b7504afcaf2e1ea
"Apple iPhone 12 (Blue, 256 GB)",4.7 out of 5,"1,289 Ratings & 116 Reviews","₹94,900",https://www.flipkart.com/apple-iphone-12-blue-256-gb/p/itm3be487cd1dea5?pid=MOBFWBYZKYYZUANT&lid=LSTMOBFWBYZKYYZUANTU9JOHX&marketplace=FLIPKART&srno=s_1_14&otracker=search&otracker1=search&fm=organic&iid=8dd1ed79-05a2-440e-bdc8-3a3247102425.MOBFWBYZKYYZUANT.SEARCH&ssid=q0bl7ef3hs0000001612245758064&qH=7b7504afcaf2e1ea
"Apple iPhone 12 (Black, 256 GB)",4.7 out of 5,"1,289 Ratings & 116 Reviews","₹94,900",https://www.flipkart.com/apple-iphone-12-black-256-gb/p/itm68421fa1c1121?pid=MOBFWBYZ7CR9FRHZ&lid=LSTMOBFWBYZ7CR9FRHZFXKLTD&marketplace=FLIPKART&srno=s_1_15&otracker=search&otracker1=search&fm=organic&iid=8dd1ed79-05a2-440e-bdc8-3a3247102425.MOBFWBYZ7CR9FRHZ.SEARCH&ssid=q0bl7ef3hs0000001612245758064&qH=7b7504afcaf2e1ea
"Apple iPhone 12 (Red, 256 GB)",4.7 out of 5,"1,289 Ratings & 116 Reviews","₹94,900",https://www.flipkart.com/apple-iphone-12-red-256-gb/p/itm16f42310fe29a?pid=MOBFWBYZEBH6SAFP&lid=LSTMOBFWBYZEBH6SAFPS13XFR&marketplace=FLIPKART&srno=s_1_16&otracker=search&otracker1=search&fm=organic&iid=8dd1ed79-05a2-440e-bdc8-3a3247102425.MOBFWBYZEBH6SAFP.SEARCH&ssid=q0bl7ef3hs0000001612245758064&qH=7b7504afcaf2e1ea
"Apple iPhone 12 Mini (Blue, 64 GB)",4.5 out of 5,475 Ratings & 40 Reviews,"₹69,900",https://www.flipkart.com/apple-iphone-12-mini-blue-64-gb/p/itm2883104474448?pid=MOBFWBYZC6UYGR2R&lid=LSTMOBFWBYZC6UYGR2RMNRM7G&marketplace=FLIPKART&srno=s_1_17&otracker=search&otracker1=search&fm=organic&iid=8dd1ed79-05a2-440e-bdc8-3a3247102425.MOBFWBYZC6UYGR2R.SEARCH&ssid=q0bl7ef3hs0000001612245758064&qH=7b7504afcaf2e1ea
"Apple iPhone 12 Mini (Blue, 128 GB)",4.5 out of 5,475 Ratings & 40 Reviews,"₹74,900",https://www.flipkart.com/apple-iphone-12-mini-blue-128-gb/p/itm9b6cdec9700ee?pid=MOBFWBYZHU58PHCZ&lid=LSTMOBFWBYZHU58PHCZOK9EEO&marketplace=FLIPKART&srno=s_1_18&otracker=search&otracker1=search&fm=organic&iid=8dd1ed79-05a2-440e-bdc8-3a3247102425.MOBFWBYZHU58PHCZ.SEARCH&ssid=q0bl7ef3hs0000001612245758064&qH=7b7504afcaf2e1ea
"Apple iPhone 12 Mini (White, 64 GB)",4.5 out of 5,475 Ratings & 40 Reviews,"₹69,900",https://www.flipkart.com/apple-iphone-12-mini-white-64-gb/p/itmf3b16d1640898?pid=MOBFWBYZBH4CEC4C&lid=LSTMOBFWBYZBH4CEC4CXRBIBP&marketplace=FLIPKART&srno=s_1_19&otracker=search&otracker1=search&fm=organic&iid=8dd1ed79-05a2-440e-bdc8-3a3247102425.MOBFWBYZBH4CEC4C.SEARCH&ssid=q0bl7ef3hs0000001612245758064&qH=7b7504afcaf2e1ea
"Apple iPhone 12 Mini (Black, 128 GB)",4.5 out of 5,475 Ratings & 40 Reviews,"₹74,900",https://www.flipkart.com/apple-iphone-12-mini-black-128-gb/p/itm0eb512c195bdf?pid=MOBFWBYZH2AMPNPD&lid=LSTMOBFWBYZH2AMPNPDBASLBZ&marketplace=FLIPKART&srno=s_1_20&otracker=search&otracker1=search&fm=organic&iid=8dd1ed79-05a2-440e-bdc8-3a3247102425.MOBFWBYZH2AMPNPD.SEARCH&ssid=q0bl7ef3hs0000001612245758064&qH=7b7504afcaf2e1ea
"Apple iPhone 12 Mini (Black, 64 GB)",4.5 out of 5,475 Ratings & 40 Reviews,"₹69,900",https://www.flipkart.com/apple-iphone-12-mini-black-64-gb/p/itm38b727191eb08?pid=MOBFWBYZXSEGBS6F&lid=LSTMOBFWBYZXSEGBS6F4NXXZW&marketplace=FLIPKART&srno=s_1_21&otracker=search&otracker1=search&fm=organic&iid=8dd1ed79-05a2-440e-bdc8-3a3247102425.MOBFWBYZXSEGBS6F.SEARCH&ssid=q0bl7ef3hs0000001612245758064&qH=7b7504afcaf2e1ea
"Apple iPhone 12 Pro Max (Graphite, 128 GB)",4.7 out of 5,443 Ratings & 36 Reviews,"₹1,29,900",https://www.flipkart.com/apple-iphone-12-pro-max-graphite-128-gb/p/itm973c298184f51?pid=MOBFWBYZFDGQSDWS&lid=LSTMOBFWBYZFDGQSDWSWMBEA6&marketplace=FLIPKART&srno=s_1_22&otracker=search&otracker1=search&fm=organic&iid=8dd1ed79-05a2-440e-bdc8-3a3247102425.MOBFWBYZFDGQSDWS.SEARCH&ssid=q0bl7ef3hs0000001612245758064&qH=7b7504afcaf2e1ea
"Apple iPhone 12 Pro Max (Pacific Blue, 128 GB)",4.7 out of 5,443 Ratings & 36 Reviews,"₹1,29,900",https://www.flipkart.com/apple-iphone-12-pro-max-pacific-blue-128-gb/p/itmd89812b558a03?pid=MOBFWBYZZABKHZQA&lid=LSTMOBFWBYZZABKHZQACQ9MLL&marketplace=FLIPKART&srno=s_1_23&otracker=search&otracker1=search&fm=organic&iid=8dd1ed79-05a2-440e-bdc8-3a3247102425.MOBFWBYZZABKHZQA.SEARCH&ssid=q0bl7ef3hs0000001612245758064&qH=7b7504afcaf2e1ea
"Apple iPhone 12 Pro Max (Gold, 256 GB)",4.7 out of 5,443 Ratings & 36 Reviews,"₹1,39,900",https://www.flipkart.com/apple-iphone-12-pro-max-gold-256-gb/p/itm1e0354f5bbc8c?pid=MOBFWBYZZPW8JHQF&lid=LSTMOBFWBYZZPW8JHQF9DJLT1&marketplace=FLIPKART&srno=s_1_24&otracker=search&otracker1=search&fm=organic&iid=8dd1ed79-05a2-440e-bdc8-3a3247102425.MOBFWBYZZPW8JHQF.SEARCH&ssid=q0bl7ef3hs0000001612245758064&qH=7b7504afcaf2e1ea
"Apple iPhone 12 (Black, 64 GB)",4.7 out of 5,"1,289 Ratings & 116 Reviews","₹79,900",https://www.flipkart.com/apple-iphone-12-black-64-gb/p/itma2559422bf7c7?pid=MOBFWBYZU5FWK2VP&lid=LSTMOBFWBYZU5FWK2VP98XIL4&marketplace=FLIPKART&srno=s_1_1&otracker=search&otracker1=search&fm=organic&iid=22bc82e0-8ef9-4460-896d-dba23a73da64.MOBFWBYZU5FWK2VP.SEARCH&ssid=10g7o6r2dc0000001612245759747&qH=7b7504afcaf2e1ea
"Apple iPhone 12 (White, 64 GB)",4.7 out of 5,"1,289 Ratings & 116 Reviews","₹79,900",https://www.flipkart.com/apple-iphone-12-white-64-gb/p/itm8b88bdc03cd79?pid=MOBFWBYZTK33MBG9&lid=LSTMOBFWBYZTK33MBG9YC4F9Y&marketplace=FLIPKART&srno=s_1_2&otracker=search&otracker1=search&fm=organic&iid=22bc82e0-8ef9-4460-896d-dba23a73da64.MOBFWBYZTK33MBG9.SEARCH&ssid=10g7o6r2dc0000001612245759747&qH=7b7504afcaf2e1ea
"Apple iPhone 12 (Blue, 64 GB)",4.7 out of 5,"1,289 Ratings & 116 Reviews","₹79,900",https://www.flipkart.com/apple-iphone-12-blue-64-gb/p/itm5778ad0d0d255?pid=MOBFWBYZ8DNJNY7N&lid=LSTMOBFWBYZ8DNJNY7NOXBUPN&marketplace=FLIPKART&srno=s_1_3&otracker=search&otracker1=search&fm=organic&iid=22bc82e0-8ef9-4460-896d-dba23a73da64.MOBFWBYZ8DNJNY7N.SEARCH&ssid=10g7o6r2dc0000001612245759747&qH=7b7504afcaf2e1ea
"Apple iPhone 12 (Red, 64 GB)",4.7 out of 5,"1,289 Ratings & 116 Reviews","₹79,900",https://www.flipkart.com/apple-iphone-12-red-64-gb/p/itm3481e4053d500?pid=MOBFWBYZDP6QCQ8F&lid=LSTMOBFWBYZDP6QCQ8FEL9UPN&marketplace=FLIPKART&srno=s_1_4&otracker=search&otracker1=search&fm=organic&iid=22bc82e0-8ef9-4460-896d-dba23a73da64.MOBFWBYZDP6QCQ8F.SEARCH&ssid=10g7o6r2dc0000001612245759747&qH=7b7504afcaf2e1ea
"Apple iPhone 12 (Red, 128 GB)",4.7 out of 5,"1,289 Ratings & 116 Reviews","₹84,900",https://www.flipkart.com/apple-iphone-12-red-128-gb/p/itma7bd86885ed98?pid=MOBFWBYZUHPFWQRD&lid=LSTMOBFWBYZUHPFWQRD7UBXC2&marketplace=FLIPKART&srno=s_1_5&otracker=search&otracker1=search&fm=organic&iid=22bc82e0-8ef9-4460-896d-dba23a73da64.MOBFWBYZUHPFWQRD.SEARCH&ssid=10g7o6r2dc0000001612245759747&qH=7b7504afcaf2e1ea
"Apple iPhone 12 (Green, 128 GB)",4.7 out of 5,"1,289 Ratings & 116 Reviews","₹84,900",https://www.flipkart.com/apple-iphone-12-green-128-gb/p/itm4e0a120f7d9c4?pid=MOBFWBYZQXUEHF48&lid=LSTMOBFWBYZQXUEHF487CPMKU&marketplace=FLIPKART&srno=s_1_6&otracker=search&otracker1=search&fm=organic&iid=22bc82e0-8ef9-4460-896d-dba23a73da64.MOBFWBYZQXUEHF48.SEARCH&ssid=10g7o6r2dc0000001612245759747&qH=7b7504afcaf2e1ea
"Apple iPhone 12 (Green, 64 GB)",4.7 out of 5,"1,289 Ratings & 116 Reviews","₹79,900",https://www.flipkart.com/apple-iphone-12-green-64-gb/p/itmc8a19a9686173?pid=MOBFWBYZKK3EJPFW&lid=LSTMOBFWBYZKK3EJPFWBJCVXA&marketplace=FLIPKART&srno=s_1_7&otracker=search&otracker1=search&fm=organic&iid=22bc82e0-8ef9-4460-896d-dba23a73da64.MOBFWBYZKK3EJPFW.SEARCH&ssid=10g7o6r2dc0000001612245759747&qH=7b7504afcaf2e1ea
"Apple iPhone 12 (Blue, 128 GB)",4.7 out of 5,"1,289 Ratings & 116 Reviews","₹84,900",https://www.flipkart.com/apple-iphone-12-blue-128-gb/p/itm02853ae92e90a?pid=MOBFWBYZKPTZF9VG&lid=LSTMOBFWBYZKPTZF9VG6GMIFT&marketplace=FLIPKART&srno=s_1_8&otracker=search&otracker1=search&fm=organic&iid=22bc82e0-8ef9-4460-896d-dba23a73da64.MOBFWBYZKPTZF9VG.SEARCH&ssid=10g7o6r2dc0000001612245759747&qH=7b7504afcaf2e1ea
"Apple iPhone 12 (Black, 128 GB)",4.7 out of 5,"1,289 Ratings & 116 Reviews","₹84,900",https://www.flipkart.com/apple-iphone-12-black-128-gb/p/itmf1f0a58f1ecd7?pid=MOBFWBYZK3HACR72&lid=LSTMOBFWBYZK3HACR72SELGT5&marketplace=FLIPKART&srno=s_1_9&otracker=search&otracker1=search&fm=organic&iid=22bc82e0-8ef9-4460-896d-dba23a73da64.MOBFWBYZK3HACR72.SEARCH&ssid=10g7o6r2dc0000001612245759747&qH=7b7504afcaf2e1ea
"Apple iPhone 12 (White, 256 GB)",4.7 out of 5,"1,289 Ratings & 116 Reviews","₹94,900",https://www.flipkart.com/apple-iphone-12-white-256-gb/p/itmcfbcb621e6326?pid=MOBFWBYZMNGZVMJE&lid=LSTMOBFWBYZMNGZVMJEQYPFS1&marketplace=FLIPKART&srno=s_1_10&otracker=search&otracker1=search&fm=organic&iid=22bc82e0-8ef9-4460-896d-dba23a73da64.MOBFWBYZMNGZVMJE.SEARCH&ssid=10g7o6r2dc0000001612245759747&qH=7b7504afcaf2e1ea
"Apple iPhone 12 (White, 128 GB)",4.7 out of 5,"1,289 Ratings & 116 Reviews","₹84,900",https://www.flipkart.com/apple-iphone-12-white-128-gb/p/itm95393f4c6cc59?pid=MOBFWBYZBTZFGJF9&lid=LSTMOBFWBYZBTZFGJF9K5AZO1&marketplace=FLIPKART&srno=s_1_11&otracker=search&otracker1=search&fm=organic&iid=22bc82e0-8ef9-4460-896d-dba23a73da64.MOBFWBYZBTZFGJF9.SEARCH&ssid=10g7o6r2dc0000001612245759747&qH=7b7504afcaf2e1ea
"Apple iPhone 12 (Green, 256 GB)",4.7 out of 5,"1,289 Ratings & 116 Reviews","₹94,900",https://www.flipkart.com/apple-iphone-12-green-256-gb/p/itm6d126e7980774?pid=MOBFWBYZZPFJYYEY&lid=LSTMOBFWBYZZPFJYYEYIUA7H8&marketplace=FLIPKART&srno=s_1_12&otracker=search&otracker1=search&fm=organic&iid=22bc82e0-8ef9-4460-896d-dba23a73da64.MOBFWBYZZPFJYYEY.SEARCH&ssid=10g7o6r2dc0000001612245759747&qH=7b7504afcaf2e1ea
"Apple iPhone XR (Black, 64 GB) (Includes EarPods, Power Adapter)",4.6 out of 5,"71,055 Ratings & 6,071 Reviews","₹43,999₹47,9008% off",https://www.flipkart.com/apple-iphone-xr-black-64-gb-includes-earpods-power-adapter/p/itmf9z7zxu4uqyz2?pid=MOBF9Z7ZPHGV4GNH&lid=LSTMOBF9Z7ZPHGV4GNH9IFADQ&marketplace=FLIPKART&srno=s_1_13&otracker=search&otracker1=search&fm=organic&iid=22bc82e0-8ef9-4460-896d-dba23a73da64.MOBF9Z7ZPHGV4GNH.SEARCH&ssid=10g7o6r2dc0000001612245759747&qH=7b7504afcaf2e1ea
"Apple iPhone 12 (Blue, 256 GB)",4.7 out of 5,"1,289 Ratings & 116 Reviews","₹94,900",https://www.flipkart.com/apple-iphone-12-blue-256-gb/p/itm3be487cd1dea5?pid=MOBFWBYZKYYZUANT&lid=LSTMOBFWBYZKYYZUANTU9JOHX&marketplace=FLIPKART&srno=s_1_14&otracker=search&otracker1=search&fm=organic&iid=22bc82e0-8ef9-4460-896d-dba23a73da64.MOBFWBYZKYYZUANT.SEARCH&ssid=10g7o6r2dc0000001612245759747&qH=7b7504afcaf2e1ea
"Apple iPhone 12 (Black, 256 GB)",4.7 out of 5,"1,289 Ratings & 116 Reviews","₹94,900",https://www.flipkart.com/apple-iphone-12-black-256-gb/p/itm68421fa1c1121?pid=MOBFWBYZ7CR9FRHZ&lid=LSTMOBFWBYZ7CR9FRHZFXKLTD&marketplace=FLIPKART&srno=s_1_15&otracker=search&otracker1=search&fm=organic&iid=22bc82e0-8ef9-4460-896d-dba23a73da64.MOBFWBYZ7CR9FRHZ.SEARCH&ssid=10g7o6r2dc0000001612245759747&qH=7b7504afcaf2e1ea
"Apple iPhone 12 (Red, 256 GB)",4.7 out of 5,"1,289 Ratings & 116 Reviews","₹94,900",https://www.flipkart.com/apple-iphone-12-red-256-gb/p/itm16f42310fe29a?pid=MOBFWBYZEBH6SAFP&lid=LSTMOBFWBYZEBH6SAFPS13XFR&marketplace=FLIPKART&srno=s_1_16&otracker=search&otracker1=search&fm=organic&iid=22bc82e0-8ef9-4460-896d-dba23a73da64.MOBFWBYZEBH6SAFP.SEARCH&ssid=10g7o6r2dc0000001612245759747&qH=7b7504afcaf2e1ea
"Apple iPhone 12 Pro (Pacific Blue, 128 GB)",4.6 out of 5,428 Ratings & 33 Reviews,"₹1,19,900",https://www.flipkart.com/apple-iphone-12-pro-pacific-blue-128-gb/p/itm97c833296c221?pid=MOBFWBYZXYSCEEEH&lid=LSTMOBFWBYZXYSCEEEHWV51IN&marketplace=FLIPKART&srno=s_1_17&otracker=search&otracker1=search&fm=organic&iid=22bc82e0-8ef9-4460-896d-dba23a73da64.MOBFWBYZXYSCEEEH.SEARCH&ssid=10g7o6r2dc0000001612245759747&qH=7b7504afcaf2e1ea
"Apple iPhone 12 Mini (Blue, 64 GB)",4.5 out of 5,475 Ratings & 40 Reviews,"₹69,900",https://www.flipkart.com/apple-iphone-12-mini-blue-64-gb/p/itm2883104474448?pid=MOBFWBYZC6UYGR2R&lid=LSTMOBFWBYZC6UYGR2RMNRM7G&marketplace=FLIPKART&srno=s_1_18&otracker=search&otracker1=search&fm=organic&iid=22bc82e0-8ef9-4460-896d-dba23a73da64.MOBFWBYZC6UYGR2R.SEARCH&ssid=10g7o6r2dc0000001612245759747&qH=7b7504afcaf2e1ea
"Apple iPhone 12 Mini (Blue, 128 GB)",4.5 out of 5,475 Ratings & 40 Reviews,"₹74,900",https://www.flipkart.com/apple-iphone-12-mini-blue-128-gb/p/itm9b6cdec9700ee?pid=MOBFWBYZHU58PHCZ&lid=LSTMOBFWBYZHU58PHCZOK9EEO&marketplace=FLIPKART&srno=s_1_19&otracker=search&otracker1=search&fm=organic&iid=22bc82e0-8ef9-4460-896d-dba23a73da64.MOBFWBYZHU58PHCZ.SEARCH&ssid=10g7o6r2dc0000001612245759747&qH=7b7504afcaf2e1ea
"Apple iPhone 12 Mini (White, 64 GB)",4.5 out of 5,475 Ratings & 40 Reviews,"₹69,900",https://www.flipkart.com/apple-iphone-12-mini-white-64-gb/p/itmf3b16d1640898?pid=MOBFWBYZBH4CEC4C&lid=LSTMOBFWBYZBH4CEC4CXRBIBP&marketplace=FLIPKART&srno=s_1_20&otracker=search&otracker1=search&fm=organic&iid=22bc82e0-8ef9-4460-896d-dba23a73da64.MOBFWBYZBH4CEC4C.SEARCH&ssid=10g7o6r2dc0000001612245759747&qH=7b7504afcaf2e1ea
"Apple iPhone 12 Mini (Black, 128 GB)",4.5 out of 5,475 Ratings & 40 Reviews,"₹74,900",https://www.flipkart.com/apple-iphone-12-mini-black-128-gb/p/itm0eb512c195bdf?pid=MOBFWBYZH2AMPNPD&lid=LSTMOBFWBYZH2AMPNPDBASLBZ&marketplace=FLIPKART&srno=s_1_21&otracker=search&otracker1=search&fm=organic&iid=22bc82e0-8ef9-4460-896d-dba23a73da64.MOBFWBYZH2AMPNPD.SEARCH&ssid=10g7o6r2dc0000001612245759747&qH=7b7504afcaf2e1ea
"Apple iPhone 12 Mini (Black, 64 GB)",4.5 out of 5,475 Ratings & 40 Reviews,"₹69,900",https://www.flipkart.com/apple-iphone-12-mini-black-64-gb/p/itm38b727191eb08?pid=MOBFWBYZXSEGBS6F&lid=LSTMOBFWBYZXSEGBS6F4NXXZW&marketplace=FLIPKART&srno=s_1_22&otracker=search&otracker1=search&fm=organic&iid=22bc82e0-8ef9-4460-896d-dba23a73da64.MOBFWBYZXSEGBS6F.SEARCH&ssid=10g7o6r2dc0000001612245759747&qH=7b7504afcaf2e1ea
"Apple iPhone 12 Pro Max (Graphite, 128 GB)",4.7 out of 5,443 Ratings & 36 Reviews,"₹1,29,900",https://www.flipkart.com/apple-iphone-12-pro-max-graphite-128-gb/p/itm973c298184f51?pid=MOBFWBYZFDGQSDWS&lid=LSTMOBFWBYZFDGQSDWSWMBEA6&marketplace=FLIPKART&srno=s_1_23&otracker=search&otracker1=search&fm=organic&iid=22bc82e0-8ef9-4460-896d-dba23a73da64.MOBFWBYZFDGQSDWS.SEARCH&ssid=10g7o6r2dc0000001612245759747&qH=7b7504afcaf2e1ea
"Apple iPhone 12 Pro Max (Pacific Blue, 128 GB)",4.7 out of 5,443 Ratings & 36 Reviews,"₹1,29,900",https://www.flipkart.com/apple-iphone-12-pro-max-pacific-blue-128-gb/p/itmd89812b558a03?pid=MOBFWBYZZABKHZQA&lid=LSTMOBFWBYZZABKHZQACQ9MLL&marketplace=FLIPKART&srno=s_1_24&otracker=search&otracker1=search&fm=organic&iid=22bc82e0-8ef9-4460-896d-dba23a73da64.MOBFWBYZZABKHZQA.SEARCH&ssid=10g7o6r2dc0000001612245759747&qH=7b7504afcaf2e1ea
